repeat,concurrency,workload,role,view,operation,calls,input_items,attempts,completed_calls_per_second,successful_calls_per_second,completed_input_items_per_second,successful_input_items_per_second,mean_us,p50_lower_us,p50_upper_us,p95_lower_us,p95_upper_us,p99_lower_us,p99_upper_us,outcomes_json,reasons_json,client_cpu_cores,server_cpu_cores
pooled 0+1,1,point-r000,old,combined,read+write,322590,322590,322590,16129.448354312843,16129.448354312843,16129.448354312843,16129.448354312843,61.89694787191172,60.416,60.927,74.752,75.775,83.968,84.991,"{""client_rejected"": 0, ""read_failure"": 0, ""refused"": 0, ""success"": 322590, ""unknown_write"": 0}","{""admission_bytes"": 0, ""admission_count"": 0, ""admission_oversize"": 0, ""client_capacity"": 0, ""client_input"": 0, ""deadline"": 0, ""not_leader"": 0, ""protocol"": 0, ""read_apply_unconfirmed"": 0, ""read_quorum_unconfirmed"": 0, ""rpc_status"": 0, ""success"": 322590}",0.12717300095173284,2.540426534170553
pooled 0+1,1,point-r000,old,get,get,0,0,0,0.0,0.0,0.0,0.0,,,,,,,,"{""client_rejected"": 0, ""read_failure"": 0, ""refused"": 0, ""success"": 0, ""unknown_write"": 0}","{""admission_bytes"": 0, ""admission_count"": 0, ""admission_oversize"": 0, ""client_capacity"": 0, ""client_input"": 0, ""deadline"": 0, ""not_leader"": 0, ""protocol"": 0, ""read_apply_unconfirmed"": 0, ""read_quorum_unconfirmed"": 0, ""rpc_status"": 0, ""success"": 0}",0.12717300095173284,2.540426534170553
pooled 0+1,1,point-r000,old,put,put,322590,322590,322590,16129.448354312843,16129.448354312843,16129.448354312843,16129.448354312843,61.89694787191172,60.416,60.927,74.752,75.775,83.968,84.991,"{""client_rejected"": 0, ""read_failure"": 0, ""refused"": 0, ""success"": 322590, ""unknown_write"": 0}","{""admission_bytes"": 0, ""admission_count"": 0, ""admission_oversize"": 0, ""client_capacity"": 0, ""client_input"": 0, ""deadline"": 0, ""not_leader"": 0, ""protocol"": 0, ""read_apply_unconfirmed"": 0, ""read_quorum_unconfirmed"": 0, ""rpc_status"": 0, ""success"": 322590}",0.12717300095173284,2.540426534170553
pooled 0+1,1,point-r000,new,combined,read+write,324164,324164,324164,16208.148269263576,16208.148269263576,16208.148269263576,16208.148269263576,61.59301430448785,60.416,60.927,73.728,74.751,82.944,83.967,"{""client_rejected"": 0, ""read_failure"": 0, ""refused"": 0, ""success"": 324164, ""unknown_write"": 0}","{""admission_bytes"": 0, ""admission_count"": 0, ""admission_oversize"": 0, ""client_capacity"": 0, ""client_input"": 0, ""deadline"": 0, ""not_leader"": 0, ""protocol"": 0, ""read_apply_unconfirmed"": 0, ""read_quorum_unconfirmed"": 0, ""rpc_status"": 0, ""success"": 324164}",0.12768167337852596,2.54510845413694
pooled 0+1,1,point-r000,new,get,get,0,0,0,0.0,0.0,0.0,0.0,,,,,,,,"{""client_rejected"": 0, ""read_failure"": 0, ""refused"": 0, ""success"": 0, ""unknown_write"": 0}","{""admission_bytes"": 0, ""admission_count"": 0, ""admission_oversize"": 0, ""client_capacity"": 0, ""client_input"": 0, ""deadline"": 0, ""not_leader"": 0, ""protocol"": 0, ""read_apply_unconfirmed"": 0, ""read_quorum_unconfirmed"": 0, ""rpc_status"": 0, ""success"": 0}",0.12768167337852596,2.54510845413694
pooled 0+1,1,point-r000,new,put,put,324164,324164,324164,16208.148269263576,16208.148269263576,16208.148269263576,16208.148269263576,61.59301430448785,60.416,60.927,73.728,74.751,82.944,83.967,"{""client_rejected"": 0, ""read_failure"": 0, ""refused"": 0, ""success"": 324164, ""unknown_write"": 0}","{""admission_bytes"": 0, ""admission_count"": 0, ""admission_oversize"": 0, ""client_capacity"": 0, ""client_input"": 0, ""deadline"": 0, ""not_leader"": 0, ""protocol"": 0, ""read_apply_unconfirmed"": 0, ""read_quorum_unconfirmed"": 0, ""rpc_status"": 0, ""success"": 324164}",0.12768167337852596,2.54510845413694
pooled 0+1,1,point-r000,redis,combined,read+write,3439247,3439247,3439247,171962.3168456653,171962.3168456653,171962.3168456653,171962.3168456653,5.6955324822555635,5.568,5.631,5.888,5.951,7.36,7.423,"{""read_failure"": 0, ""success"": 3439247, ""unknown_write"": 0}","{""data_integrity"": 0, ""deadline"": 0, ""io"": 0, ""protocol"": 0, ""server_error"": 0, ""success"": 3439247}",0.6038295001339803,0.5339523159567661
pooled 0+1,1,point-r000,redis,get,get,0,0,0,0.0,0.0,0.0,0.0,,,,,,,,"{""read_failure"": 0, ""success"": 0, ""unknown_write"": 0}","{""data_integrity"": 0, ""deadline"": 0, ""io"": 0, ""protocol"": 0, ""server_error"": 0, ""success"": 0}",0.6038295001339803,0.5339523159567661
pooled 0+1,1,point-r000,redis,set,set,3439247,3439247,3439247,171962.3168456653,171962.3168456653,171962.3168456653,171962.3168456653,5.6955324822555635,5.568,5.631,5.888,5.951,7.36,7.423,"{""read_failure"": 0, ""success"": 3439247, ""unknown_write"": 0}","{""data_integrity"": 0, ""deadline"": 0, ""io"": 0, ""protocol"": 0, ""server_error"": 0, ""success"": 3439247}",0.6038295001339803,0.5339523159567661
pooled 0+1,1,point-r050,old,combined,read+write,368073,368073,368073,18403.639185101434,18403.639185101434,18403.639185101434,18403.639185101434,54.22737384703578,53.248,53.759,69.632,70.655,78.848,79.871,"{""client_rejected"": 0, ""read_failure"": 0, ""refused"": 0, ""success"": 368073, ""unknown_write"": 0}","{""admission_bytes"": 0, ""admission_count"": 0, ""admission_oversize"": 0, ""client_capacity"": 0, ""client_input"": 0, ""deadline"": 0, ""not_leader"": 0, ""protocol"": 0, ""read_apply_unconfirmed"": 0, ""read_quorum_unconfirmed"": 0, ""rpc_status"": 0, ""success"": 368073}",0.14137409602421439,2.167449612540489
pooled 0+1,1,point-r050,old,get,get,184304,184304,184304,9215.194584690902,9215.194584690902,9215.194584690902,9215.194584690902,47.74011968269816,47.104,47.615,58.368,58.879,65.536,66.559,"{""client_rejected"": 0, ""read_failure"": 0, ""refused"": 0, ""success"": 184304, ""unknown_write"": 0}","{""admission_bytes"": 0, ""admission_count"": 0, ""admission_oversize"": 0, ""client_capacity"": 0, ""client_input"": 0, ""deadline"": 0, ""not_leader"": 0, ""protocol"": 0, ""read_apply_unconfirmed"": 0, ""read_quorum_unconfirmed"": 0, ""rpc_status"": 0, ""success"": 184304}",0.14137409602421439,2.167449612540489
pooled 0+1,1,point-r050,old,put,put,183769,183769,183769,9188.44460041053,9188.44460041053,9188.44460041053,9188.44460041053,60.73351411826805,59.392,59.903,73.728,74.751,82.944,83.967,"{""client_rejected"": 0, ""read_failure"": 0, ""refused"": 0, ""success"": 183769, ""unknown_write"": 0}","{""admission_bytes"": 0, ""admission_count"": 0, ""admission_oversize"": 0, ""client_capacity"": 0, ""client_input"": 0, ""deadline"": 0, ""not_leader"": 0, ""protocol"": 0, ""read_apply_unconfirmed"": 0, ""read_quorum_unconfirmed"": 0, ""rpc_status"": 0, ""success"": 183769}",0.14137409602421439,2.167449612540489
pooled 0+1,1,point-r050,new,combined,read+write,368037,368037,368037,18401.777661691922,18401.777661691922,18401.777661691922,18401.777661691922,54.23259164975261,53.248,53.759,69.632,70.655,79.872,80.895,"{""client_rejected"": 0, ""read_failure"": 0, ""refused"": 0, ""success"": 368037, ""unknown_write"": 0}","{""admission_bytes"": 0, ""admission_count"": 0, ""admission_oversize"": 0, ""client_capacity"": 0, ""client_input"": 0, ""deadline"": 0, ""not_leader"": 0, ""protocol"": 0, ""read_apply_unconfirmed"": 0, ""read_quorum_unconfirmed"": 0, ""rpc_status"": 0, ""success"": 368037}",0.1418612512535174,2.1691846924437064
pooled 0+1,1,point-r050,new,get,get,184270,184270,184270,9213.463781413202,9213.463781413202,9213.463781413202,9213.463781413202,47.63525822977154,47.104,47.615,58.368,58.879,65.536,66.559,"{""client_rejected"": 0, ""read_failure"": 0, ""refused"": 0, ""success"": 184270, ""unknown_write"": 0}","{""admission_bytes"": 0, ""admission_count"": 0, ""admission_oversize"": 0, ""client_capacity"": 0, ""client_input"": 0, ""deadline"": 0, ""not_leader"": 0, ""protocol"": 0, ""read_apply_unconfirmed"": 0, ""read_quorum_unconfirmed"": 0, ""rpc_status"": 0, ""success"": 184270}",0.1418612512535174,2.1691846924437064
pooled 0+1,1,point-r050,new,put,put,183767,183767,183767,9188.313880278722,9188.313880278722,9188.313880278722,9188.313880278722,60.84798303830394,59.392,59.903,73.728,74.751,83.968,84.991,"{""client_rejected"": 0, ""read_failure"": 0, ""refused"": 0, ""success"": 183767, ""unknown_write"": 0}","{""admission_bytes"": 0, ""admission_count"": 0, ""admission_oversize"": 0, ""client_capacity"": 0, ""client_input"": 0, ""deadline"": 0, ""not_leader"": 0, ""protocol"": 0, ""read_apply_unconfirmed"": 0, ""read_quorum_unconfirmed"": 0, ""rpc_status"": 0, ""success"": 183767}",0.1418612512535174,2.1691846924437064
pooled 0+1,1,point-r050,redis,combined,read+write,3452166,3452166,3452166,172608.26475339234,172608.26475339234,172608.26475339234,172608.26475339232,5.713339655161426,5.632,5.695,5.888,5.951,7.488,7.551,"{""read_failure"": 0, ""success"": 3452166, ""unknown_write"": 0}","{""data_integrity"": 0, ""deadline"": 0, ""io"": 0, ""protocol"": 0, ""server_error"": 0, ""success"": 3452166}",0.6090128014906269,0.5285668951062631
pooled 0+1,1,point-r050,redis,get,get,1724440,1724440,1724440,86221.98239347119,86221.98239347119,86221.98239347119,86221.98239347119,5.699396270673378,5.568,5.631,5.888,5.951,7.488,7.551,"{""read_failure"": 0, ""success"": 1724440, ""unknown_write"": 0}","{""data_integrity"": 0, ""deadline"": 0, ""io"": 0, ""protocol"": 0, ""server_error"": 0, ""success"": 1724440}",0.6090128014906269,0.5285668951062631
pooled 0+1,1,point-r050,redis,set,set,1727726,1727726,1727726,86386.28235992114,86386.28235992114,86386.28235992114,86386.28235992114,5.727256520420483,5.632,5.695,5.888,5.951,7.488,7.551,"{""read_failure"": 0, ""success"": 1727726, ""unknown_write"": 0}","{""data_integrity"": 0, ""deadline"": 0, ""io"": 0, ""protocol"": 0, ""server_error"": 0, ""success"": 1727726}",0.6090128014906269,0.5285668951062631
pooled 0+1,1,point-r100,old,combined,read+write,526902,526902,526902,26345.067884044995,26345.067884044995,26345.067884044995,26345.067884044995,37.83672696630493,36.352,36.863,44.544,45.055,51.712,52.223,"{""client_rejected"": 0, ""read_failure"": 0, ""refused"": 0, ""success"": 526902, ""unknown_write"": 0}","{""admission_bytes"": 0, ""admission_count"": 0, ""admission_oversize"": 0, ""client_capacity"": 0, ""client_input"": 0, ""deadline"": 0, ""not_leader"": 0, ""protocol"": 0, ""read_apply_unconfirmed"": 0, ""read_quorum_unconfirmed"": 0, ""rpc_status"": 0, ""success"": 526902}",0.19194400397111522,1.6415719455827782
pooled 0+1,1,point-r100,old,get,get,526902,526902,526902,26345.067884044995,26345.067884044995,26345.067884044995,26345.067884044995,37.83672696630493,36.352,36.863,44.544,45.055,51.712,52.223,"{""client_rejected"": 0, ""read_failure"": 0, ""refused"": 0, ""success"": 526902, ""unknown_write"": 0}","{""admission_bytes"": 0, ""admission_count"": 0, ""admission_oversize"": 0, ""client_capacity"": 0, ""client_input"": 0, ""deadline"": 0, ""not_leader"": 0, ""protocol"": 0, ""read_apply_unconfirmed"": 0, ""read_quorum_unconfirmed"": 0, ""rpc_status"": 0, ""success"": 526902}",0.19194400397111522,1.6415719455827782
pooled 0+1,1,point-r100,old,put,put,0,0,0,0.0,0.0,0.0,0.0,,,,,,,,"{""client_rejected"": 0, ""read_failure"": 0, ""refused"": 0, ""success"": 0, ""unknown_write"": 0}","{""admission_bytes"": 0, ""admission_count"": 0, ""admission_oversize"": 0, ""client_capacity"": 0, ""client_input"": 0, ""deadline"": 0, ""not_leader"": 0, ""protocol"": 0, ""read_apply_unconfirmed"": 0, ""read_quorum_unconfirmed"": 0, ""rpc_status"": 0, ""success"": 0}",0.19194400397111522,1.6415719455827782
pooled 0+1,1,point-r100,new,combined,read+write,526296,526296,526296,26314.749979607503,26314.749979607503,26314.749979607503,26314.749979607503,37.878994026175384,36.864,37.375,44.544,45.055,52.736,53.247,"{""client_rejected"": 0, ""read_failure"": 0, ""refused"": 0, ""success"": 526296, ""unknown_write"": 0}","{""admission_bytes"": 0, ""admission_count"": 0, ""admission_oversize"": 0, ""client_capacity"": 0, ""client_input"": 0, ""deadline"": 0, ""not_leader"": 0, ""protocol"": 0, ""read_apply_unconfirmed"": 0, ""read_quorum_unconfirmed"": 0, ""rpc_status"": 0, ""success"": 526296}",0.1920586582661663,1.638767492545329
pooled 0+1,1,point-r100,new,get,get,526296,526296,526296,26314.749979607503,26314.749979607503,26314.749979607503,26314.749979607503,37.878994026175384,36.864,37.375,44.544,45.055,52.736,53.247,"{""client_rejected"": 0, ""read_failure"": 0, ""refused"": 0, ""success"": 526296, ""unknown_write"": 0}","{""admission_bytes"": 0, ""admission_count"": 0, ""admission_oversize"": 0, ""client_capacity"": 0, ""client_input"": 0, ""deadline"": 0, ""not_leader"": 0, ""protocol"": 0, ""read_apply_unconfirmed"": 0, ""read_quorum_unconfirmed"": 0, ""rpc_status"": 0, ""success"": 526296}",0.1920586582661663,1.638767492545329
pooled 0+1,1,point-r100,new,put,put,0,0,0,0.0,0.0,0.0,0.0,,,,,,,,"{""client_rejected"": 0, ""read_failure"": 0, ""refused"": 0, ""success"": 0, ""unknown_write"": 0}","{""admission_bytes"": 0, ""admission_count"": 0, ""admission_oversize"": 0, ""client_capacity"": 0, ""client_input"": 0, ""deadline"": 0, ""not_leader"": 0, ""protocol"": 0, ""read_apply_unconfirmed"": 0, ""read_quorum_unconfirmed"": 0, ""rpc_status"": 0, ""success"": 0}",0.1920586582661663,1.638767492545329
pooled 0+1,1,point-r100,redis,combined,read+write,3461189,3461189,3461189,173059.40529875562,173059.40529875562,173059.40529875562,173059.40529875562,5.699134779406729,5.568,5.631,5.952,6.015,7.68,7.743,"{""read_failure"": 0, ""success"": 3461189, ""unknown_write"": 0}","{""data_integrity"": 0, ""deadline"": 0, ""io"": 0, ""protocol"": 0, ""server_error"": 0, ""success"": 3461189}",0.6145195001893407,0.5255895533975532
pooled 0+1,1,point-r100,redis,get,get,3461189,3461189,3461189,173059.40529875562,173059.40529875562,173059.40529875562,173059.40529875562,5.699134779406729,5.568,5.631,5.952,6.015,7.68,7.743,"{""read_failure"": 0, ""success"": 3461189, ""unknown_write"": 0}","{""data_integrity"": 0, ""deadline"": 0, ""io"": 0, ""protocol"": 0, ""server_error"": 0, ""success"": 3461189}",0.6145195001893407,0.5255895533975532
pooled 0+1,1,point-r100,redis,set,set,0,0,0,0.0,0.0,0.0,0.0,,,,,,,,"{""read_failure"": 0, ""success"": 0, ""unknown_write"": 0}","{""data_integrity"": 0, ""deadline"": 0, ""io"": 0, ""protocol"": 0, ""server_error"": 0, ""success"": 0}",0.6145195001893407,0.5255895533975532
pooled 0+1,1,batch64-r000,old,combined,read+write,92525,5921600,92525,4626.232797815965,4626.232797815965,296078.89906022174,296078.89906022174,216.04995555795733,208.896,210.943,239.616,241.663,278.528,282.623,"{""client_rejected"": 0, ""read_failure"": 0, ""refused"": 0, ""success"": 92525, ""unknown_write"": 0}","{""admission_bytes"": 0, ""admission_count"": 0, ""admission_oversize"": 0, ""client_capacity"": 0, ""client_input"": 0, ""deadline"": 0, ""not_leader"": 0, ""protocol"": 0, ""read_apply_unconfirmed"": 0, ""read_quorum_unconfirmed"": 0, ""rpc_status"": 0, ""success"": 92525}",0.11353109980753695,2.057163569260373
pooled 0+1,1,batch64-r000,old,batch_get,batch_get,0,0,0,0.0,0.0,0.0,0.0,,,,,,,,"{""client_rejected"": 0, ""read_failure"": 0, ""refused"": 0, ""success"": 0, ""unknown_write"": 0}","{""admission_bytes"": 0, ""admission_count"": 0, ""admission_oversize"": 0, ""client_capacity"": 0, ""client_input"": 0, ""deadline"": 0, ""not_leader"": 0, ""protocol"": 0, ""read_apply_unconfirmed"": 0, ""read_quorum_unconfirmed"": 0, ""rpc_status"": 0, ""success"": 0}",0.11353109980753695,2.057163569260373
pooled 0+1,1,batch64-r000,old,batch_put,batch_put,92525,5921600,92525,4626.232797815965,4626.232797815965,296078.89906022174,296078.89906022174,216.04995555795733,208.896,210.943,239.616,241.663,278.528,282.623,"{""client_rejected"": 0, ""read_failure"": 0, ""refused"": 0, ""success"": 92525, ""unknown_write"": 0}","{""admission_bytes"": 0, ""admission_count"": 0, ""admission_oversize"": 0, ""client_capacity"": 0, ""client_input"": 0, ""deadline"": 0, ""not_leader"": 0, ""protocol"": 0, ""read_apply_unconfirmed"": 0, ""read_quorum_unconfirmed"": 0, ""rpc_status"": 0, ""success"": 92525}",0.11353109980753695,2.057163569260373
pooled 0+1,1,batch64-r000,new,combined,read+write,92107,5894848,92107,4605.320962069738,4605.320962069738,294740.54157246323,294740.54157246323,217.0248433452398,210.944,212.991,241.664,243.711,274.432,278.527,"{""client_rejected"": 0, ""read_failure"": 0, ""refused"": 0, ""success"": 92107, ""unknown_write"": 0}","{""admission_bytes"": 0, ""admission_count"": 0, ""admission_oversize"": 0, ""client_capacity"": 0, ""client_input"": 0, ""deadline"": 0, ""not_leader"": 0, ""protocol"": 0, ""read_apply_unconfirmed"": 0, ""read_quorum_unconfirmed"": 0, ""rpc_status"": 0, ""success"": 92107}",0.11301782508226371,2.0554294822694987
pooled 0+1,1,batch64-r000,new,batch_get,batch_get,0,0,0,0.0,0.0,0.0,0.0,,,,,,,,"{""client_rejected"": 0, ""read_failure"": 0, ""refused"": 0, ""success"": 0, ""unknown_write"": 0}","{""admission_bytes"": 0, ""admission_count"": 0, ""admission_oversize"": 0, ""client_capacity"": 0, ""client_input"": 0, ""deadline"": 0, ""not_leader"": 0, ""protocol"": 0, ""read_apply_unconfirmed"": 0, ""read_quorum_unconfirmed"": 0, ""rpc_status"": 0, ""success"": 0}",0.11301782508226371,2.0554294822694987
pooled 0+1,1,batch64-r000,new,batch_put,batch_put,92107,5894848,92107,4605.320962069738,4605.320962069738,294740.54157246323,294740.54157246323,217.0248433452398,210.944,212.991,241.664,243.711,274.432,278.527,"{""client_rejected"": 0, ""read_failure"": 0, ""refused"": 0, ""success"": 92107, ""unknown_write"": 0}","{""admission_bytes"": 0, ""admission_count"": 0, ""admission_oversize"": 0, ""client_capacity"": 0, ""client_input"": 0, ""deadline"": 0, ""not_leader"": 0, ""protocol"": 0, ""read_apply_unconfirmed"": 0, ""read_quorum_unconfirmed"": 0, ""rpc_status"": 0, ""success"": 92107}",0.11301782508226371,2.0554294822694987
pooled 0+1,1,batch64-r000,redis,combined,read+write,846891,54201024,846891,42344.48680720511,42344.48680720511,2710047.155661127,2710047.155661127,22.47956179484727,22.016,22.271,23.296,23.551,30.976,31.231,"{""read_failure"": 0, ""success"": 846891, ""unknown_write"": 0}","{""data_integrity"": 0, ""deadline"": 0, ""io"": 0, ""protocol"": 0, ""server_error"": 0, ""success"": 846891}",0.616551693882246,0.4175677377083923
pooled 0+1,1,batch64-r000,redis,mget,mget,0,0,0,0.0,0.0,0.0,0.0,,,,,,,,"{""read_failure"": 0, ""success"": 0, ""unknown_write"": 0}","{""data_integrity"": 0, ""deadline"": 0, ""io"": 0, ""protocol"": 0, ""server_error"": 0, ""success"": 0}",0.616551693882246,0.4175677377083923
pooled 0+1,1,batch64-r000,redis,mset,mset,846891,54201024,846891,42344.48680720511,42344.48680720511,2710047.155661127,2710047.155661127,22.47956179484727,22.016,22.271,23.296,23.551,30.976,31.231,"{""read_failure"": 0, ""success"": 846891, ""unknown_write"": 0}","{""data_integrity"": 0, ""deadline"": 0, ""io"": 0, ""protocol"": 0, ""server_error"": 0, ""success"": 846891}",0.616551693882246,0.4175677377083923
pooled 0+1,1,batch64-r050,old,combined,read+write,116807,7475648,116807,5840.309480516855,5840.309480516855,373779.8067530787,373779.8067530787,170.71761735169983,194.56,196.607,235.52,237.567,270.336,274.431,"{""client_rejected"": 0, ""read_failure"": 0, ""refused"": 0, ""success"": 116807, ""unknown_write"": 0}","{""admission_bytes"": 0, ""admission_count"": 0, ""admission_oversize"": 0, ""client_capacity"": 0, ""client_input"": 0, ""deadline"": 0, ""not_leader"": 0, ""protocol"": 0, ""read_apply_unconfirmed"": 0, ""read_quorum_unconfirmed"": 0, ""rpc_status"": 0, ""success"": 116807}",0.1484050888375613,1.7345720680913197
pooled 0+1,1,batch64-r050,old,batch_get,batch_get,58326,3732864,58326,2916.2797671426038,2916.2797671426038,186641.90509712664,186641.90509712664,120.14879885471316,116.736,117.759,153.6,155.647,172.032,174.079,"{""client_rejected"": 0, ""read_failure"": 0, ""refused"": 0, ""success"": 58326, ""unknown_write"": 0}","{""admission_bytes"": 0, ""admission_count"": 0, ""admission_oversize"": 0, ""client_capacity"": 0, ""client_input"": 0, ""deadline"": 0, ""not_leader"": 0, ""protocol"": 0, ""read_apply_unconfirmed"": 0, ""read_quorum_unconfirmed"": 0, ""rpc_status"": 0, ""success"": 58326}",0.1484050888375613,1.7345720680913197
pooled 0+1,1,batch64-r050,old,batch_put,batch_put,58481,3742784,58481,2924.0297133742515,2924.0297133742515,187137.9016559521,187137.9016559521,221.15240655939536,212.992,215.039,249.856,251.903,282.624,286.719,"{""client_rejected"": 0, ""read_failure"": 0, ""refused"": 0, ""success"": 58481, ""unknown_write"": 0}","{""admission_bytes"": 0, ""admission_count"": 0, ""admission_oversize"": 0, ""client_capacity"": 0, ""client_input"": 0, ""deadline"": 0, ""not_leader"": 0, ""protocol"": 0, ""read_apply_unconfirmed"": 0, ""read_quorum_unconfirmed"": 0, ""rpc_status"": 0, ""success"": 58481}",0.1484050888375613,1.7345720680913197
pooled 0+1,1,batch64-r050,new,combined,read+write,117333,7509312,117333,5866.555752901846,5866.555752901846,375459.56818571815,375459.56818571815,169.9430859945625,194.56,196.607,233.472,235.519,266.24,270.335,"{""client_rejected"": 0, ""read_failure"": 0, ""refused"": 0, ""success"": 117333, ""unknown_write"": 0}","{""admission_bytes"": 0, ""admission_count"": 0, ""admission_oversize"": 0, ""client_capacity"": 0, ""client_input"": 0, ""deadline"": 0, ""not_leader"": 0, ""protocol"": 0, ""read_apply_unconfirmed"": 0, ""read_quorum_unconfirmed"": 0, ""rpc_status"": 0, ""success"": 117333}",0.14882128301920758,1.7356191624709658
pooled 0+1,1,batch64-r050,new,batch_get,batch_get,58582,3749248,58582,2929.0529443250916,2929.0529443250916,187459.38843680586,187459.38843680586,119.18439126352804,115.712,116.735,151.552,153.599,169.984,172.031,"{""client_rejected"": 0, ""read_failure"": 0, ""refused"": 0, ""success"": 58582, ""unknown_write"": 0}","{""admission_bytes"": 0, ""admission_count"": 0, ""admission_oversize"": 0, ""client_capacity"": 0, ""client_input"": 0, ""deadline"": 0, ""not_leader"": 0, ""protocol"": 0, ""read_apply_unconfirmed"": 0, ""read_quorum_unconfirmed"": 0, ""rpc_status"": 0, ""success"": 58582}",0.14882128301920758,1.7356191624709658
pooled 0+1,1,batch64-r050,new,batch_put,batch_put,58751,3760064,58751,2937.502808576755,2937.502808576755,188000.1797489123,188000.1797489123,220.5557709656006,212.992,215.039,247.808,249.855,282.624,286.719,"{""client_rejected"": 0, ""read_failure"": 0, ""refused"": 0, ""success"": 58751, ""unknown_write"": 0}","{""admission_bytes"": 0, ""admission_count"": 0, ""admission_oversize"": 0, ""client_capacity"": 0, ""client_input"": 0, ""deadline"": 0, ""not_leader"": 0, ""protocol"": 0, ""read_apply_unconfirmed"": 0, ""read_quorum_unconfirmed"": 0, ""rpc_status"": 0, ""success"": 58751}",0.14882128301920758,1.7356191624709658
pooled 0+1,1,batch64-r050,redis,combined,read+write,807417,51674688,807417,40370.816805095885,40370.816805095885,2583732.2755261366,2583732.275526136,23.622934333807688,23.808,24.063,25.344,25.599,30.464,30.719,"{""read_failure"": 0, ""success"": 807417, ""unknown_write"": 0}","{""data_integrity"": 0, ""deadline"": 0, ""io"": 0, ""protocol"": 0, ""server_error"": 0, ""success"": 807417}",0.691300799238857,0.3403887019921285
pooled 0+1,1,batch64-r050,redis,mget,mget,404338,25877632,404338,20216.883376667643,20216.883376667643,1293880.5361067292,1293880.5361067292,24.920664426791447,24.576,24.831,25.856,26.111,30.976,31.231,"{""read_failure"": 0, ""success"": 404338, ""unknown_write"": 0}","{""data_integrity"": 0, ""deadline"": 0, ""io"": 0, ""protocol"": 0, ""server_error"": 0, ""success"": 404338}",0.691300799238857,0.3403887019921285
pooled 0+1,1,batch64-r050,redis,mset,mset,403079,25797056,403079,20153.933428428238,20153.933428428238,1289851.7394194072,1289851.7394194072,22.32115083643653,22.016,22.271,23.04,23.295,29.952,30.207,"{""read_failure"": 0, ""success"": 403079, ""unknown_write"": 0}","{""data_integrity"": 0, ""deadline"": 0, ""io"": 0, ""protocol"": 0, ""server_error"": 0, ""success"": 403079}",0.691300799238857,0.3403887019921285
pooled 0+1,1,batch64-r100,old,combined,read+write,189541,12130624,189541,9476.984075729522,9476.984075729522,606526.9808466894,606526.9808466894,104.61650674524246,101.376,102.399,117.76,118.783,137.216,139.263,"{""client_rejected"": 0, ""read_failure"": 0, ""refused"": 0, ""success"": 189541, ""unknown_write"": 0}","{""admission_bytes"": 0, ""admission_count"": 0, ""admission_oversize"": 0, ""client_capacity"": 0, ""client_input"": 0, ""deadline"": 0, ""not_leader"": 0, ""protocol"": 0, ""read_apply_unconfirmed"": 0, ""read_quorum_unconfirmed"": 0, ""rpc_status"": 0, ""success"": 189541}",0.23463554278328402,1.0946723658725988
pooled 0+1,1,batch64-r100,old,batch_get,batch_get,189541,12130624,189541,9476.984075729522,9476.984075729522,606526.9808466894,606526.9808466894,104.61650674524246,101.376,102.399,117.76,118.783,137.216,139.263,"{""client_rejected"": 0, ""read_failure"": 0, ""refused"": 0, ""success"": 189541, ""unknown_write"": 0}","{""admission_bytes"": 0, ""admission_count"": 0, ""admission_oversize"": 0, ""client_capacity"": 0, ""client_input"": 0, ""deadline"": 0, ""not_leader"": 0, ""protocol"": 0, ""read_apply_unconfirmed"": 0, ""read_quorum_unconfirmed"": 0, ""rpc_status"": 0, ""success"": 189541}",0.23463554278328402,1.0946723658725988
pooled 0+1,1,batch64-r100,old,batch_put,batch_put,0,0,0,0.0,0.0,0.0,0.0,,,,,,,,"{""client_rejected"": 0, ""read_failure"": 0, ""refused"": 0, ""success"": 0, ""unknown_write"": 0}","{""admission_bytes"": 0, ""admission_count"": 0, ""admission_oversize"": 0, ""client_capacity"": 0, ""client_input"": 0, ""deadline"": 0, ""not_leader"": 0, ""protocol"": 0, ""read_apply_unconfirmed"": 0, ""read_quorum_unconfirmed"": 0, ""rpc_status"": 0, ""success"": 0}",0.23463554278328402,1.0946723658725988
pooled 0+1,1,batch64-r100,new,combined,read+write,190223,12174272,190223,9511.102913382807,9511.102913382807,608710.5864564996,608710.5864564996,104.24650219479243,101.376,102.399,116.736,117.759,137.216,139.263,"{""client_rejected"": 0, ""read_failure"": 0, ""refused"": 0, ""success"": 190223, ""unknown_write"": 0}","{""admission_bytes"": 0, ""admission_count"": 0, ""admission_oversize"": 0, ""client_capacity"": 0, ""client_input"": 0, ""deadline"": 0, ""not_leader"": 0, ""protocol"": 0, ""read_apply_unconfirmed"": 0, ""read_quorum_unconfirmed"": 0, ""rpc_status"": 0, ""success"": 190223}",0.23559458654919185,1.0959359409947038
pooled 0+1,1,batch64-r100,new,batch_get,batch_get,190223,12174272,190223,9511.102913382807,9511.102913382807,608710.5864564996,608710.5864564996,104.24650219479243,101.376,102.399,116.736,117.759,137.216,139.263,"{""client_rejected"": 0, ""read_failure"": 0, ""refused"": 0, ""success"": 190223, ""unknown_write"": 0}","{""admission_bytes"": 0, ""admission_count"": 0, ""admission_oversize"": 0, ""client_capacity"": 0, ""client_input"": 0, ""deadline"": 0, ""not_leader"": 0, ""protocol"": 0, ""read_apply_unconfirmed"": 0, ""read_quorum_unconfirmed"": 0, ""rpc_status"": 0, ""success"": 190223}",0.23559458654919185,1.0959359409947038
pooled 0+1,1,batch64-r100,new,batch_put,batch_put,0,0,0,0.0,0.0,0.0,0.0,,,,,,,,"{""client_rejected"": 0, ""read_failure"": 0, ""refused"": 0, ""success"": 0, ""unknown_write"": 0}","{""admission_bytes"": 0, ""admission_count"": 0, ""admission_oversize"": 0, ""client_capacity"": 0, ""client_input"": 0, ""deadline"": 0, ""not_leader"": 0, ""protocol"": 0, ""read_apply_unconfirmed"": 0, ""read_quorum_unconfirmed"": 0, ""rpc_status"": 0, ""success"": 0}",0.23559458654919185,1.0959359409947038
pooled 0+1,1,batch64-r100,redis,combined,read+write,781361,50007104,781361,39067.97869507869,39067.97869507869,2500350.636485036,2500350.636485036,24.44491990513988,24.064,24.319,25.344,25.599,30.72,30.975,"{""read_failure"": 0, ""success"": 781361, ""unknown_write"": 0}","{""data_integrity"": 0, ""deadline"": 0, ""io"": 0, ""protocol"": 0, ""server_error"": 0, ""success"": 781361}",0.7657511609533868,0.264967833976642
pooled 0+1,1,batch64-r100,redis,mget,mget,781361,50007104,781361,39067.97869507869,39067.97869507869,2500350.636485036,2500350.636485036,24.44491990513988,24.064,24.319,25.344,25.599,30.72,30.975,"{""read_failure"": 0, ""success"": 781361, ""unknown_write"": 0}","{""data_integrity"": 0, ""deadline"": 0, ""io"": 0, ""protocol"": 0, ""server_error"": 0, ""success"": 781361}",0.7657511609533868,0.264967833976642
pooled 0+1,1,batch64-r100,redis,mset,mset,0,0,0,0.0,0.0,0.0,0.0,,,,,,,,"{""read_failure"": 0, ""success"": 0, ""unknown_write"": 0}","{""data_integrity"": 0, ""deadline"": 0, ""io"": 0, ""protocol"": 0, ""server_error"": 0, ""success"": 0}",0.7657511609533868,0.264967833976642
pooled 0+1,64,point-r000,old,combined,read+write,2344338,2344338,2344338,117212.84346861002,117212.84346861002,117212.84346861002,117212.84346861002,545.8850627238905,520.192,524.287,745.472,753.663,868.352,876.543,"{""client_rejected"": 0, ""read_failure"": 0, ""refused"": 0, ""success"": 2344338, ""unknown_write"": 0}","{""admission_bytes"": 0, ""admission_count"": 0, ""admission_oversize"": 0, ""client_capacity"": 0, ""client_input"": 0, ""deadline"": 0, ""not_leader"": 0, ""protocol"": 0, ""read_apply_unconfirmed"": 0, ""read_quorum_unconfirmed"": 0, ""rpc_status"": 0, ""success"": 2344338}",0.36521894970826396,3.532685496106488
pooled 0+1,64,point-r000,old,get,get,0,0,0,0.0,0.0,0.0,0.0,,,,,,,,"{""client_rejected"": 0, ""read_failure"": 0, ""refused"": 0, ""success"": 0, ""unknown_write"": 0}","{""admission_bytes"": 0, ""admission_count"": 0, ""admission_oversize"": 0, ""client_capacity"": 0, ""client_input"": 0, ""deadline"": 0, ""not_leader"": 0, ""protocol"": 0, ""read_apply_unconfirmed"": 0, ""read_quorum_unconfirmed"": 0, ""rpc_status"": 0, ""success"": 0}",0.36521894970826396,3.532685496106488
pooled 0+1,64,point-r000,old,put,put,2344338,2344338,2344338,117212.84346861002,117212.84346861002,117212.84346861002,117212.84346861002,545.8850627238905,520.192,524.287,745.472,753.663,868.352,876.543,"{""client_rejected"": 0, ""read_failure"": 0, ""refused"": 0, ""success"": 2344338, ""unknown_write"": 0}","{""admission_bytes"": 0, ""admission_count"": 0, ""admission_oversize"": 0, ""client_capacity"": 0, ""client_input"": 0, ""deadline"": 0, ""not_leader"": 0, ""protocol"": 0, ""read_apply_unconfirmed"": 0, ""read_quorum_unconfirmed"": 0, ""rpc_status"": 0, ""success"": 2344338}",0.36521894970826396,3.532685496106488
pooled 0+1,64,point-r000,new,combined,read+write,2354666,2354666,2354666,117729.00502221168,117729.00502221168,117729.00502221168,117729.00502221168,543.4942292431283,520.192,524.287,737.28,745.471,876.544,884.735,"{""client_rejected"": 0, ""read_failure"": 0, ""refused"": 0, ""success"": 2354666, ""unknown_write"": 0}","{""admission_bytes"": 0, ""admission_count"": 0, ""admission_oversize"": 0, ""client_capacity"": 0, ""client_input"": 0, ""deadline"": 0, ""not_leader"": 0, ""protocol"": 0, ""read_apply_unconfirmed"": 0, ""read_quorum_unconfirmed"": 0, ""rpc_status"": 0, ""success"": 2354666}",0.3668619250899299,3.5376491050278096
pooled 0+1,64,point-r000,new,get,get,0,0,0,0.0,0.0,0.0,0.0,,,,,,,,"{""client_rejected"": 0, ""read_failure"": 0, ""refused"": 0, ""success"": 0, ""unknown_write"": 0}","{""admission_bytes"": 0, ""admission_count"": 0, ""admission_oversize"": 0, ""client_capacity"": 0, ""client_input"": 0, ""deadline"": 0, ""not_leader"": 0, ""protocol"": 0, ""read_apply_unconfirmed"": 0, ""read_quorum_unconfirmed"": 0, ""rpc_status"": 0, ""success"": 0}",0.3668619250899299,3.5376491050278096
pooled 0+1,64,point-r000,new,put,put,2354666,2354666,2354666,117729.00502221168,117729.00502221168,117729.00502221168,117729.00502221168,543.4942292431283,520.192,524.287,737.28,745.471,876.544,884.735,"{""client_rejected"": 0, ""read_failure"": 0, ""refused"": 0, ""success"": 2354666, ""unknown_write"": 0}","{""admission_bytes"": 0, ""admission_count"": 0, ""admission_oversize"": 0, ""client_capacity"": 0, ""client_input"": 0, ""deadline"": 0, ""not_leader"": 0, ""protocol"": 0, ""read_apply_unconfirmed"": 0, ""read_quorum_unconfirmed"": 0, ""rpc_status"": 0, ""success"": 2354666}",0.3668619250899299,3.5376491050278096
pooled 0+1,64,point-r000,redis,combined,read+write,9868135,9868135,9868135,493395.86849949736,493395.86849949736,493395.86849949736,493395.86849949736,129.557385717058,121.856,122.879,163.84,165.887,235.52,237.567,"{""read_failure"": 0, ""success"": 9868135, ""unknown_write"": 0}","{""data_integrity"": 0, ""deadline"": 0, ""io"": 0, ""protocol"": 0, ""server_error"": 0, ""success"": 9868135}",1.4465797386640267,0.9968529330795054
pooled 0+1,64,point-r000,redis,get,get,0,0,0,0.0,0.0,0.0,0.0,,,,,,,,"{""read_failure"": 0, ""success"": 0, ""unknown_write"": 0}","{""data_integrity"": 0, ""deadline"": 0, ""io"": 0, ""protocol"": 0, ""server_error"": 0, ""success"": 0}",1.4465797386640267,0.9968529330795054
pooled 0+1,64,point-r000,redis,set,set,9868135,9868135,9868135,493395.86849949736,493395.86849949736,493395.86849949736,493395.86849949736,129.557385717058,121.856,122.879,163.84,165.887,235.52,237.567,"{""read_failure"": 0, ""success"": 9868135, ""unknown_write"": 0}","{""data_integrity"": 0, ""deadline"": 0, ""io"": 0, ""protocol"": 0, ""server_error"": 0, ""success"": 9868135}",1.4465797386640267,0.9968529330795054
pooled 0+1,64,point-r050,old,combined,read+write,3302179,3302179,3302179,165103.6235919993,165103.6235919993,165103.6235919993,165103.6235919993,387.49217439878333,368.64,372.735,540.672,548.863,638.976,647.167,"{""client_rejected"": 0, ""read_failure"": 0, ""refused"": 0, ""success"": 3302179, ""unknown_write"": 0}","{""admission_bytes"": 0, ""admission_count"": 0, ""admission_oversize"": 0, ""client_capacity"": 0, ""client_input"": 0, ""deadline"": 0, ""not_leader"": 0, ""protocol"": 0, ""read_apply_unconfirmed"": 0, ""read_quorum_unconfirmed"": 0, ""rpc_status"": 0, ""success"": 3302179}",0.5400891083101437,3.4916220805890434
pooled 0+1,64,point-r050,old,get,get,1648925,1648925,1648925,82443.59028733375,82443.59028733375,82443.59028733375,82443.59028733375,399.79266772897495,380.928,385.023,557.056,565.247,655.36,663.551,"{""client_rejected"": 0, ""read_failure"": 0, ""refused"": 0, ""success"": 1648925, ""unknown_write"": 0}","{""admission_bytes"": 0, ""admission_count"": 0, ""admission_oversize"": 0, ""client_capacity"": 0, ""client_input"": 0, ""deadline"": 0, ""not_leader"": 0, ""protocol"": 0, ""read_apply_unconfirmed"": 0, ""read_quorum_unconfirmed"": 0, ""rpc_status"": 0, ""success"": 1648925}",0.5400891083101437,3.4916220805890434
pooled 0+1,64,point-r050,old,put,put,1653254,1653254,1653254,82660.03330466556,82660.03330466556,82660.03330466556,82660.03330466556,375.22388957111247,356.352,360.447,520.192,524.287,622.592,630.783,"{""client_rejected"": 0, ""read_failure"": 0, ""refused"": 0, ""success"": 1653254, ""unknown_write"": 0}","{""admission_bytes"": 0, ""admission_count"": 0, ""admission_oversize"": 0, ""client_capacity"": 0, ""client_input"": 0, ""deadline"": 0, ""not_leader"": 0, ""protocol"": 0, ""read_apply_unconfirmed"": 0, ""read_quorum_unconfirmed"": 0, ""rpc_status"": 0, ""success"": 1653254}",0.5400891083101437,3.4916220805890434
pooled 0+1,64,point-r050,new,combined,read+write,3356299,3356299,3356299,167810.01923820472,167810.01923820472,167810.01923820472,167810.01923820472,381.24375235281485,364.544,368.639,548.864,557.055,647.168,655.359,"{""client_rejected"": 0, ""read_failure"": 0, ""refused"": 0, ""success"": 3356299, ""unknown_write"": 0}","{""admission_bytes"": 0, ""admission_count"": 0, ""admission_oversize"": 0, ""client_capacity"": 0, ""client_input"": 0, ""deadline"": 0, ""not_leader"": 0, ""protocol"": 0, ""read_apply_unconfirmed"": 0, ""read_quorum_unconfirmed"": 0, ""rpc_status"": 0, ""success"": 3356299}",0.5528950965067675,3.476173291240527
pooled 0+1,64,point-r050,new,get,get,1676235,1676235,1676235,83809.28743170739,83809.28743170739,83809.28743170739,83809.28743170739,418.16067992077484,401.408,405.503,581.632,589.823,679.936,688.127,"{""client_rejected"": 0, ""read_failure"": 0, ""refused"": 0, ""success"": 1676235, ""unknown_write"": 0}","{""admission_bytes"": 0, ""admission_count"": 0, ""admission_oversize"": 0, ""client_capacity"": 0, ""client_input"": 0, ""deadline"": 0, ""not_leader"": 0, ""protocol"": 0, ""read_apply_unconfirmed"": 0, ""read_quorum_unconfirmed"": 0, ""rpc_status"": 0, ""success"": 1676235}",0.5528950965067675,3.476173291240527
pooled 0+1,64,point-r050,new,put,put,1680064,1680064,1680064,84000.73180649734,84000.73180649734,84000.73180649734,84000.73180649734,344.41096141039867,327.68,331.775,479.232,483.327,573.44,581.631,"{""client_rejected"": 0, ""read_failure"": 0, ""refused"": 0, ""success"": 1680064, ""unknown_write"": 0}","{""admission_bytes"": 0, ""admission_count"": 0, ""admission_oversize"": 0, ""client_capacity"": 0, ""client_input"": 0, ""deadline"": 0, ""not_leader"": 0, ""protocol"": 0, ""read_apply_unconfirmed"": 0, ""read_quorum_unconfirmed"": 0, ""rpc_status"": 0, ""success"": 1680064}",0.5528950965067675,3.476173291240527
pooled 0+1,64,point-r050,redis,combined,read+write,10033001,10033001,10033001,501638.8870549283,501638.8870549283,501638.8870549283,501638.88705492835,127.44665781175543,120.832,121.855,163.84,165.887,235.52,237.567,"{""read_failure"": 0, ""success"": 10033001, ""unknown_write"": 0}","{""data_integrity"": 0, ""deadline"": 0, ""io"": 0, ""protocol"": 0, ""server_error"": 0, ""success"": 10033001}",1.4604066905775546,0.9975470229253686
pooled 0+1,64,point-r050,redis,get,get,5014459,5014459,5014459,250717.3707988835,250717.3707988835,250717.3707988835,250717.3707988835,127.45142251856082,120.832,121.855,163.84,165.887,235.52,237.567,"{""read_failure"": 0, ""success"": 5014459, ""unknown_write"": 0}","{""data_integrity"": 0, ""deadline"": 0, ""io"": 0, ""protocol"": 0, ""server_error"": 0, ""success"": 5014459}",1.4604066905775546,0.9975470229253686
pooled 0+1,64,point-r050,redis,set,set,5018542,5018542,5018542,250921.51625604482,250921.51625604482,250921.51625604482,250921.51625604482,127.44189698143406,120.832,121.855,163.84,165.887,235.52,237.567,"{""read_failure"": 0, ""success"": 5018542, ""unknown_write"": 0}","{""data_integrity"": 0, ""deadline"": 0, ""io"": 0, ""protocol"": 0, ""server_error"": 0, ""success"": 5018542}",1.4604066905775546,0.9975470229253686
pooled 0+1,64,point-r100,old,combined,read+write,6915782,6915782,6915782,345784.9840175997,345784.9840175997,345784.9840175997,345784.9840175997,184.96067996099356,172.032,174.079,278.528,282.623,352.256,356.351,"{""client_rejected"": 0, ""read_failure"": 0, ""refused"": 0, ""success"": 6915782, ""unknown_write"": 0}","{""admission_bytes"": 0, ""admission_count"": 0, ""admission_oversize"": 0, ""client_capacity"": 0, ""client_input"": 0, ""deadline"": 0, ""not_leader"": 0, ""protocol"": 0, ""read_apply_unconfirmed"": 0, ""read_quorum_unconfirmed"": 0, ""rpc_status"": 0, ""success"": 6915782}",1.0755672397887295,3.023932443090242
pooled 0+1,64,point-r100,old,get,get,6915782,6915782,6915782,345784.9840175997,345784.9840175997,345784.9840175997,345784.9840175997,184.96067996099356,172.032,174.079,278.528,282.623,352.256,356.351,"{""client_rejected"": 0, ""read_failure"": 0, ""refused"": 0, ""success"": 6915782, ""unknown_write"": 0}","{""admission_bytes"": 0, ""admission_count"": 0, ""admission_oversize"": 0, ""client_capacity"": 0, ""client_input"": 0, ""deadline"": 0, ""not_leader"": 0, ""protocol"": 0, ""read_apply_unconfirmed"": 0, ""read_quorum_unconfirmed"": 0, ""rpc_status"": 0, ""success"": 6915782}",1.0755672397887295,3.023932443090242
pooled 0+1,64,point-r100,old,put,put,0,0,0,0.0,0.0,0.0,0.0,,,,,,,,"{""client_rejected"": 0, ""read_failure"": 0, ""refused"": 0, ""success"": 0, ""unknown_write"": 0}","{""admission_bytes"": 0, ""admission_count"": 0, ""admission_oversize"": 0, ""client_capacity"": 0, ""client_input"": 0, ""deadline"": 0, ""not_leader"": 0, ""protocol"": 0, ""read_apply_unconfirmed"": 0, ""read_quorum_unconfirmed"": 0, ""rpc_status"": 0, ""success"": 0}",1.0755672397887295,3.023932443090242
pooled 0+1,64,point-r100,new,combined,read+write,7478310,7478310,7478310,373909.1477883564,373909.1477883564,373909.1477883564,373909.1477883564,171.04203517318751,165.888,167.935,237.568,239.615,294.912,299.007,"{""client_rejected"": 0, ""read_failure"": 0, ""refused"": 0, ""success"": 7478310, ""unknown_write"": 0}","{""admission_bytes"": 0, ""admission_count"": 0, ""admission_oversize"": 0, ""client_capacity"": 0, ""client_input"": 0, ""deadline"": 0, ""not_leader"": 0, ""protocol"": 0, ""read_apply_unconfirmed"": 0, ""read_quorum_unconfirmed"": 0, ""rpc_status"": 0, ""success"": 7478310}",1.1750323664236566,2.804600610490546
pooled 0+1,64,point-r100,new,get,get,7478310,7478310,7478310,373909.1477883564,373909.1477883564,373909.1477883564,373909.1477883564,171.04203517318751,165.888,167.935,237.568,239.615,294.912,299.007,"{""client_rejected"": 0, ""read_failure"": 0, ""refused"": 0, ""success"": 7478310, ""unknown_write"": 0}","{""admission_bytes"": 0, ""admission_count"": 0, ""admission_oversize"": 0, ""client_capacity"": 0, ""client_input"": 0, ""deadline"": 0, ""not_leader"": 0, ""protocol"": 0, ""read_apply_unconfirmed"": 0, ""read_quorum_unconfirmed"": 0, ""rpc_status"": 0, ""success"": 7478310}",1.1750323664236566,2.804600610490546
pooled 0+1,64,point-r100,new,put,put,0,0,0,0.0,0.0,0.0,0.0,,,,,,,,"{""client_rejected"": 0, ""read_failure"": 0, ""refused"": 0, ""success"": 0, ""unknown_write"": 0}","{""admission_bytes"": 0, ""admission_count"": 0, ""admission_oversize"": 0, ""client_capacity"": 0, ""client_input"": 0, ""deadline"": 0, ""not_leader"": 0, ""protocol"": 0, ""read_apply_unconfirmed"": 0, ""read_quorum_unconfirmed"": 0, ""rpc_status"": 0, ""success"": 0}",1.1750323664236566,2.804600610490546
pooled 0+1,64,point-r100,redis,combined,read+write,10244080,10244080,10244080,512190.580811659,512190.580811659,512190.580811659,512190.580811659,124.8450448417037,117.76,118.783,161.792,163.839,231.424,233.471,"{""read_failure"": 0, ""success"": 10244080, ""unknown_write"": 0}","{""data_integrity"": 0, ""deadline"": 0, ""io"": 0, ""protocol"": 0, ""server_error"": 0, ""success"": 10244080}",1.4576271225496047,0.99589525090341
pooled 0+1,64,point-r100,redis,get,get,10244080,10244080,10244080,512190.580811659,512190.580811659,512190.580811659,512190.580811659,124.8450448417037,117.76,118.783,161.792,163.839,231.424,233.471,"{""read_failure"": 0, ""success"": 10244080, ""unknown_write"": 0}","{""data_integrity"": 0, ""deadline"": 0, ""io"": 0, ""protocol"": 0, ""server_error"": 0, ""success"": 10244080}",1.4576271225496047,0.99589525090341
pooled 0+1,64,point-r100,redis,set,set,0,0,0,0.0,0.0,0.0,0.0,,,,,,,,"{""read_failure"": 0, ""success"": 0, ""unknown_write"": 0}","{""data_integrity"": 0, ""deadline"": 0, ""io"": 0, ""protocol"": 0, ""server_error"": 0, ""success"": 0}",1.4576271225496047,0.99589525090341
pooled 0+1,64,batch64-r000,old,combined,read+write,195998,12543872,195998,9796.91207554481,9796.91207554481,627002.3728348678,627002.3728348678,6530.812864320044,6225.92,6291.455,9175.04,9306.111,12189.696,12320.767,"{""client_rejected"": 0, ""read_failure"": 0, ""refused"": 0, ""success"": 195998, ""unknown_write"": 0}","{""admission_bytes"": 0, ""admission_count"": 0, ""admission_oversize"": 0, ""client_capacity"": 0, ""client_input"": 0, ""deadline"": 0, ""not_leader"": 0, ""protocol"": 0, ""read_apply_unconfirmed"": 0, ""read_quorum_unconfirmed"": 0, ""rpc_status"": 0, ""success"": 195998}",0.30788985874285363,3.3039974832406216
pooled 0+1,64,batch64-r000,old,batch_get,batch_get,0,0,0,0.0,0.0,0.0,0.0,,,,,,,,"{""client_rejected"": 0, ""read_failure"": 0, ""refused"": 0, ""success"": 0, ""unknown_write"": 0}","{""admission_bytes"": 0, ""admission_count"": 0, ""admission_oversize"": 0, ""client_capacity"": 0, ""client_input"": 0, ""deadline"": 0, ""not_leader"": 0, ""protocol"": 0, ""read_apply_unconfirmed"": 0, ""read_quorum_unconfirmed"": 0, ""rpc_status"": 0, ""success"": 0}",0.30788985874285363,3.3039974832406216
pooled 0+1,64,batch64-r000,old,batch_put,batch_put,195998,12543872,195998,9796.91207554481,9796.91207554481,627002.3728348678,627002.3728348678,6530.812864320044,6225.92,6291.455,9175.04,9306.111,12189.696,12320.767,"{""client_rejected"": 0, ""read_failure"": 0, ""refused"": 0, ""success"": 195998, ""unknown_write"": 0}","{""admission_bytes"": 0, ""admission_count"": 0, ""admission_oversize"": 0, ""client_capacity"": 0, ""client_input"": 0, ""deadline"": 0, ""not_leader"": 0, ""protocol"": 0, ""read_apply_unconfirmed"": 0, ""read_quorum_unconfirmed"": 0, ""rpc_status"": 0, ""success"": 195998}",0.30788985874285363,3.3039974832406216
pooled 0+1,64,batch64-r000,new,combined,read+write,196367,12567488,196367,9814.101177251692,9814.101177251692,628102.4753441083,628102.4753441083,6519.435343107549,6225.92,6291.455,9175.04,9306.111,12320.768,12451.839,"{""client_rejected"": 0, ""read_failure"": 0, ""refused"": 0, ""success"": 196367, ""unknown_write"": 0}","{""admission_bytes"": 0, ""admission_count"": 0, ""admission_oversize"": 0, ""client_capacity"": 0, ""client_input"": 0, ""deadline"": 0, ""not_leader"": 0, ""protocol"": 0, ""read_apply_unconfirmed"": 0, ""read_quorum_unconfirmed"": 0, ""rpc_status"": 0, ""success"": 196367}",0.30542477446193556,3.307782848815267
pooled 0+1,64,batch64-r000,new,batch_get,batch_get,0,0,0,0.0,0.0,0.0,0.0,,,,,,,,"{""client_rejected"": 0, ""read_failure"": 0, ""refused"": 0, ""success"": 0, ""unknown_write"": 0}","{""admission_bytes"": 0, ""admission_count"": 0, ""admission_oversize"": 0, ""client_capacity"": 0, ""client_input"": 0, ""deadline"": 0, ""not_leader"": 0, ""protocol"": 0, ""read_apply_unconfirmed"": 0, ""read_quorum_unconfirmed"": 0, ""rpc_status"": 0, ""success"": 0}",0.30542477446193556,3.307782848815267
pooled 0+1,64,batch64-r000,new,batch_put,batch_put,196367,12567488,196367,9814.101177251692,9814.101177251692,628102.4753441083,628102.4753441083,6519.435343107549,6225.92,6291.455,9175.04,9306.111,12320.768,12451.839,"{""client_rejected"": 0, ""read_failure"": 0, ""refused"": 0, ""success"": 196367, ""unknown_write"": 0}","{""admission_bytes"": 0, ""admission_count"": 0, ""admission_oversize"": 0, ""client_capacity"": 0, ""client_input"": 0, ""deadline"": 0, ""not_leader"": 0, ""protocol"": 0, ""read_apply_unconfirmed"": 0, ""read_quorum_unconfirmed"": 0, ""rpc_status"": 0, ""success"": 196367}",0.30542477446193556,3.307782848815267
pooled 0+1,64,batch64-r000,redis,combined,read+write,1895710,121325440,1895710,94782.51068283033,94782.51068283033,6066080.683701141,6066080.683701141,670.4546691540372,679.936,688.127,958.464,966.655,1007.616,1015.807,"{""read_failure"": 0, ""success"": 1895710, ""unknown_write"": 0}","{""data_integrity"": 0, ""deadline"": 0, ""io"": 0, ""protocol"": 0, ""server_error"": 0, ""success"": 1895710}",1.9220449944168594,0.9015186960435673
pooled 0+1,64,batch64-r000,redis,mget,mget,0,0,0,0.0,0.0,0.0,0.0,,,,,,,,"{""read_failure"": 0, ""success"": 0, ""unknown_write"": 0}","{""data_integrity"": 0, ""deadline"": 0, ""io"": 0, ""protocol"": 0, ""server_error"": 0, ""success"": 0}",1.9220449944168594,0.9015186960435673
pooled 0+1,64,batch64-r000,redis,mset,mset,1895710,121325440,1895710,94782.51068283033,94782.51068283033,6066080.683701141,6066080.683701141,670.4546691540372,679.936,688.127,958.464,966.655,1007.616,1015.807,"{""read_failure"": 0, ""success"": 1895710, ""unknown_write"": 0}","{""data_integrity"": 0, ""deadline"": 0, ""io"": 0, ""protocol"": 0, ""server_error"": 0, ""success"": 1895710}",1.9220449944168594,0.9015186960435673
pooled 0+1,64,batch64-r050,old,combined,read+write,309574,19812736,309574,15474.602082417323,15474.602082417323,990374.5332747087,990374.5332747087,4132.105906720202,3932.16,3964.927,6291.456,6356.991,7798.784,7864.319,"{""client_rejected"": 0, ""read_failure"": 0, ""refused"": 0, ""success"": 309574, ""unknown_write"": 0}","{""admission_bytes"": 0, ""admission_count"": 0, ""admission_oversize"": 0, ""client_capacity"": 0, ""client_input"": 0, ""deadline"": 0, ""not_leader"": 0, ""protocol"": 0, ""read_apply_unconfirmed"": 0, ""read_quorum_unconfirmed"": 0, ""rpc_status"": 0, ""success"": 309574}",0.45450914167645423,3.064339501339762
pooled 0+1,64,batch64-r050,old,batch_get,batch_get,154875,9912000,154875,7741.69987632806,7741.69987632806,495468.79208499583,495468.79208499583,4313.949087896691,4128.768,4161.535,6488.064,6553.599,8060.928,8126.463,"{""client_rejected"": 0, ""read_failure"": 0, ""refused"": 0, ""success"": 154875, ""unknown_write"": 0}","{""admission_bytes"": 0, ""admission_count"": 0, ""admission_oversize"": 0, ""client_capacity"": 0, ""client_input"": 0, ""deadline"": 0, ""not_leader"": 0, ""protocol"": 0, ""read_apply_unconfirmed"": 0, ""read_quorum_unconfirmed"": 0, ""rpc_status"": 0, ""success"": 154875}",0.45450914167645423,3.064339501339762
pooled 0+1,64,batch64-r050,old,batch_put,batch_put,154699,9900736,154699,7732.902206089263,7732.902206089263,494905.74118971283,494905.74118971283,3950.0558437934314,3735.552,3768.319,5963.776,6029.311,7536.64,7602.175,"{""client_rejected"": 0, ""read_failure"": 0, ""refused"": 0, ""success"": 154699, ""unknown_write"": 0}","{""admission_bytes"": 0, ""admission_count"": 0, ""admission_oversize"": 0, ""client_capacity"": 0, ""client_input"": 0, ""deadline"": 0, ""not_leader"": 0, ""protocol"": 0, ""read_apply_unconfirmed"": 0, ""read_quorum_unconfirmed"": 0, ""rpc_status"": 0, ""success"": 154699}",0.45450914167645423,3.064339501339762
pooled 0+1,64,batch64-r050,new,combined,read+write,307140,19656960,307140,15351.895543857732,15351.895543857732,982521.3148068949,982521.3148068949,4165.011463124309,3932.16,3964.927,6422.528,6488.063,8323.072,8388.607,"{""client_rejected"": 0, ""read_failure"": 0, ""refused"": 0, ""success"": 307140, ""unknown_write"": 0}","{""admission_bytes"": 0, ""admission_count"": 0, ""admission_oversize"": 0, ""client_capacity"": 0, ""client_input"": 0, ""deadline"": 0, ""not_leader"": 0, ""protocol"": 0, ""read_apply_unconfirmed"": 0, ""read_quorum_unconfirmed"": 0, ""rpc_status"": 0, ""success"": 307140}",0.45117193596603417,3.0475853041718537
pooled 0+1,64,batch64-r050,new,batch_get,batch_get,153612,9831168,153612,7678.047073917673,7678.047073917673,491395.01273073105,491395.01273073105,4495.342257512434,4259.84,4325.375,6750.208,6815.743,8650.752,8781.823,"{""client_rejected"": 0, ""read_failure"": 0, ""refused"": 0, ""success"": 153612, ""unknown_write"": 0}","{""admission_bytes"": 0, ""admission_count"": 0, ""admission_oversize"": 0, ""client_capacity"": 0, ""client_input"": 0, ""deadline"": 0, ""not_leader"": 0, ""protocol"": 0, ""read_apply_unconfirmed"": 0, ""read_quorum_unconfirmed"": 0, ""rpc_status"": 0, ""success"": 153612}",0.45117193596603417,3.0475853041718537
pooled 0+1,64,batch64-r050,new,batch_put,batch_put,153528,9825792,153528,7673.84846994006,7673.84846994006,491126.3020761638,491126.3020761638,3834.499934363764,3604.48,3637.247,5898.24,5963.775,7798.784,7864.319,"{""client_rejected"": 0, ""read_failure"": 0, ""refused"": 0, ""success"": 153528, ""unknown_write"": 0}","{""admission_bytes"": 0, ""admission_count"": 0, ""admission_oversize"": 0, ""client_capacity"": 0, ""client_input"": 0, ""deadline"": 0, ""not_leader"": 0, ""protocol"": 0, ""read_apply_unconfirmed"": 0, ""read_quorum_unconfirmed"": 0, ""rpc_status"": 0, ""success"": 153528}",0.45117193596603417,3.0475853041718537
pooled 0+1,64,batch64-r050,redis,combined,read+write,1803741,115439424,1803741,90182.29102188429,90182.29102188429,5771666.625400594,5771666.625400594,705.723743956588,720.896,729.087,1015.808,1023.999,1081.344,1097.727,"{""read_failure"": 0, ""success"": 1803741, ""unknown_write"": 0}","{""data_integrity"": 0, ""deadline"": 0, ""io"": 0, ""protocol"": 0, ""server_error"": 0, ""success"": 1803741}",1.9536092821710527,0.7484326332829193
pooled 0+1,64,batch64-r050,redis,mget,mget,900311,57619904,900311,45013.17462551645,45013.17462551645,2880843.1760330526,2880843.1760330526,707.8521253100319,720.896,729.087,1015.808,1023.999,1081.344,1097.727,"{""read_failure"": 0, ""success"": 900311, ""unknown_write"": 0}","{""data_integrity"": 0, ""deadline"": 0, ""io"": 0, ""protocol"": 0, ""server_error"": 0, ""success"": 900311}",1.9536092821710527,0.7484326332829193
pooled 0+1,64,batch64-r050,redis,mset,mset,903430,57819520,903430,45169.11639636784,45169.11639636784,2890823.449367542,2890823.449367542,703.6027106228485,720.896,729.087,1015.808,1023.999,1081.344,1097.727,"{""read_failure"": 0, ""success"": 903430, ""unknown_write"": 0}","{""data_integrity"": 0, ""deadline"": 0, ""io"": 0, ""protocol"": 0, ""server_error"": 0, ""success"": 903430}",1.9536092821710527,0.7484326332829193
pooled 0+1,64,batch64-r100,old,combined,read+write,701863,44919232,701863,35087.32469709181,35087.32469709181,2245588.780613876,2245588.780613876,1818.7208495076673,1835.008,1851.391,2621.44,2654.207,3047.424,3080.191,"{""client_rejected"": 0, ""read_failure"": 0, ""refused"": 0, ""success"": 701863, ""unknown_write"": 0}","{""admission_bytes"": 0, ""admission_count"": 0, ""admission_oversize"": 0, ""client_capacity"": 0, ""client_input"": 0, ""deadline"": 0, ""not_leader"": 0, ""protocol"": 0, ""read_apply_unconfirmed"": 0, ""read_quorum_unconfirmed"": 0, ""rpc_status"": 0, ""success"": 701863}",0.9761717920485724,2.2049945407463767
pooled 0+1,64,batch64-r100,old,batch_get,batch_get,701863,44919232,701863,35087.32469709181,35087.32469709181,2245588.780613876,2245588.780613876,1818.7208495076673,1835.008,1851.391,2621.44,2654.207,3047.424,3080.191,"{""client_rejected"": 0, ""read_failure"": 0, ""refused"": 0, ""success"": 701863, ""unknown_write"": 0}","{""admission_bytes"": 0, ""admission_count"": 0, ""admission_oversize"": 0, ""client_capacity"": 0, ""client_input"": 0, ""deadline"": 0, ""not_leader"": 0, ""protocol"": 0, ""read_apply_unconfirmed"": 0, ""read_quorum_unconfirmed"": 0, ""rpc_status"": 0, ""success"": 701863}",0.9761717920485724,2.2049945407463767
pooled 0+1,64,batch64-r100,old,batch_put,batch_put,0,0,0,0.0,0.0,0.0,0.0,,,,,,,,"{""client_rejected"": 0, ""read_failure"": 0, ""refused"": 0, ""success"": 0, ""unknown_write"": 0}","{""admission_bytes"": 0, ""admission_count"": 0, ""admission_oversize"": 0, ""client_capacity"": 0, ""client_input"": 0, ""deadline"": 0, ""not_leader"": 0, ""protocol"": 0, ""read_apply_unconfirmed"": 0, ""read_quorum_unconfirmed"": 0, ""rpc_status"": 0, ""success"": 0}",0.9761717920485724,2.2049945407463767
pooled 0+1,64,batch64-r100,new,combined,read+write,724904,46393856,724904,36239.771010504344,36239.771010504344,2319345.344672278,2319345.344672278,1760.7531109677973,1769.472,1785.855,2555.904,2588.671,2949.12,2981.887,"{""client_rejected"": 0, ""read_failure"": 0, ""refused"": 0, ""success"": 724904, ""unknown_write"": 0}","{""admission_bytes"": 0, ""admission_count"": 0, ""admission_oversize"": 0, ""client_capacity"": 0, ""client_input"": 0, ""deadline"": 0, ""not_leader"": 0, ""protocol"": 0, ""read_apply_unconfirmed"": 0, ""read_quorum_unconfirmed"": 0, ""rpc_status"": 0, ""success"": 724904}",1.0052829174186757,2.1523888220709146
pooled 0+1,64,batch64-r100,new,batch_get,batch_get,724904,46393856,724904,36239.771010504344,36239.771010504344,2319345.344672278,2319345.344672278,1760.7531109677973,1769.472,1785.855,2555.904,2588.671,2949.12,2981.887,"{""client_rejected"": 0, ""read_failure"": 0, ""refused"": 0, ""success"": 724904, ""unknown_write"": 0}","{""admission_bytes"": 0, ""admission_count"": 0, ""admission_oversize"": 0, ""client_capacity"": 0, ""client_input"": 0, ""deadline"": 0, ""not_leader"": 0, ""protocol"": 0, ""read_apply_unconfirmed"": 0, ""read_quorum_unconfirmed"": 0, ""rpc_status"": 0, ""success"": 724904}",1.0052829174186757,2.1523888220709146
pooled 0+1,64,batch64-r100,new,batch_put,batch_put,0,0,0,0.0,0.0,0.0,0.0,,,,,,,,"{""client_rejected"": 0, ""read_failure"": 0, ""refused"": 0, ""success"": 0, ""unknown_write"": 0}","{""admission_bytes"": 0, ""admission_count"": 0, ""admission_oversize"": 0, ""client_capacity"": 0, ""client_input"": 0, ""deadline"": 0, ""not_leader"": 0, ""protocol"": 0, ""read_apply_unconfirmed"": 0, ""read_quorum_unconfirmed"": 0, ""rpc_status"": 0, ""success"": 0}",1.0052829174186757,2.1523888220709146
pooled 0+1,64,batch64-r100,redis,combined,read+write,1854977,118718528,1854977,92743.0136914227,92743.0136914227,5935552.876251053,5935552.876251053,688.069637980417,712.704,720.895,991.232,999.423,1040.384,1048.575,"{""read_failure"": 0, ""success"": 1854977, ""unknown_write"": 0}","{""data_integrity"": 0, ""deadline"": 0, ""io"": 0, ""protocol"": 0, ""server_error"": 0, ""success"": 1854977}",1.9934963430690436,0.6151533925865021
pooled 0+1,64,batch64-r100,redis,mget,mget,1854977,118718528,1854977,92743.0136914227,92743.0136914227,5935552.876251053,5935552.876251053,688.069637980417,712.704,720.895,991.232,999.423,1040.384,1048.575,"{""read_failure"": 0, ""success"": 1854977, ""unknown_write"": 0}","{""data_integrity"": 0, ""deadline"": 0, ""io"": 0, ""protocol"": 0, ""server_error"": 0, ""success"": 1854977}",1.9934963430690436,0.6151533925865021
pooled 0+1,64,batch64-r100,redis,mset,mset,0,0,0,0.0,0.0,0.0,0.0,,,,,,,,"{""read_failure"": 0, ""success"": 0, ""unknown_write"": 0}","{""data_integrity"": 0, ""deadline"": 0, ""io"": 0, ""protocol"": 0, ""server_error"": 0, ""success"": 0}",1.9934963430690436,0.6151533925865021
