trial,target,repeat,mix,workers,node_id,metric,count,sum_ns,mean_ms,p50_lower_ns,p50_upper_ns,p95_lower_ns,p95_upper_ns
r0-wal-read-c1,wal,0,read,1,1,raft_pump_service,395,138202929,0.3498808329113924,4096,8191,8192,16383
r0-wal-read-c1,wal,0,read,1,1,raft_pump_idle_wait,395,7920278213,20.051337248101266,16777216,33554431,16777216,33554431
r0-wal-read-c1,wal,0,read,1,1,raft_pump_iteration_spacing,395,8058655015,20.401658265822782,16777216,33554431,16777216,33554431
r0-wal-read-c1,wal,0,read,1,2,raft_pump_service,395,139533203,0.35324861518987344,4096,8191,8192,16383
r0-wal-read-c1,wal,0,read,1,2,raft_pump_idle_wait,395,7919853213,20.050261298734178,16777216,33554431,16777216,33554431
r0-wal-read-c1,wal,0,read,1,2,raft_pump_iteration_spacing,395,8059767996,20.40447593924051,16777216,33554431,16777216,33554431
r0-wal-read-c1,wal,0,read,1,3,raft_pump_service,395,135711113,0.3435724379746835,4096,8191,16384,32767
r0-wal-read-c1,wal,0,read,1,3,raft_pump_idle_wait,395,7920361691,20.051548584810128,16777216,33554431,16777216,33554431
r0-wal-read-c1,wal,0,read,1,3,raft_pump_iteration_spacing,395,8056251522,20.395573473417723,16777216,33554431,16777216,33554431
r0-wal-read-c4,wal,0,read,4,1,raft_pump_service,395,138531862,0.3507135746835443,4096,8191,8192,16383
r0-wal-read-c4,wal,0,read,4,1,raft_pump_idle_wait,395,7920084777,20.05084753670886,16777216,33554431,16777216,33554431
r0-wal-read-c4,wal,0,read,4,1,raft_pump_iteration_spacing,395,8058773515,20.401958265822785,16777216,33554431,16777216,33554431
r0-wal-read-c4,wal,0,read,4,2,raft_pump_service,395,140244346,0.3550489772151899,4096,8191,16384,32767
r0-wal-read-c4,wal,0,read,4,2,raft_pump_idle_wait,395,7920009470,20.050656886075952,16777216,33554431,16777216,33554431
r0-wal-read-c4,wal,0,read,4,2,raft_pump_iteration_spacing,395,8060633501,20.40666709113924,16777216,33554431,16777216,33554431
r0-wal-read-c4,wal,0,read,4,3,raft_pump_service,395,137329143,0.3476687164556962,4096,8191,8192,16383
r0-wal-read-c4,wal,0,read,4,3,raft_pump_idle_wait,395,7920099444,20.050884668354428,16777216,33554431,16777216,33554431
r0-wal-read-c4,wal,0,read,4,3,raft_pump_iteration_spacing,395,8057597115,20.39898003797468,16777216,33554431,16777216,33554431
r0-wal-write-c1,wal,0,write,1,1,raft_pump_service,350,2067205158,5.906300451428572,4194304,8388607,8388608,16777215
r0-wal-write-c1,wal,0,write,1,1,raft_pump_idle_wait,350,7017878333,20.05108095142857,16777216,33554431,16777216,33554431
r0-wal-write-c1,wal,0,write,1,1,raft_pump_iteration_spacing,350,9085254004,25.95786858285714,16777216,33554431,33554432,67108863
r0-wal-write-c1,wal,0,write,1,2,raft_pump_service,348,2081978475,5.9826967672413796,4194304,8388607,8388608,16777215
r0-wal-write-c1,wal,0,write,1,2,raft_pump_idle_wait,348,6978018040,20.051775977011495,16777216,33554431,16777216,33554431
r0-wal-write-c1,wal,0,write,1,2,raft_pump_iteration_spacing,348,9060353095,26.035497399425285,16777216,33554431,33554432,67108863
r0-wal-write-c1,wal,0,write,1,3,raft_pump_service,355,2032151676,5.724370918309859,4194304,8388607,8388608,16777215
r0-wal-write-c1,wal,0,write,1,3,raft_pump_idle_wait,355,7118379708,20.051773825352114,16777216,33554431,16777216,33554431
r0-wal-write-c1,wal,0,write,1,3,raft_pump_iteration_spacing,355,9150712240,25.7766541971831,16777216,33554431,33554432,67108863
r0-wal-write-c4,wal,0,write,4,1,raft_pump_service,296,3224497308,10.893571986486487,4194304,8388607,33554432,67108863
r0-wal-write-c4,wal,0,write,4,1,raft_pump_idle_wait,296,5935083959,20.050959320945946,16777216,33554431,16777216,33554431
r0-wal-write-c4,wal,0,write,4,1,raft_pump_iteration_spacing,296,9159739236,30.945064986486486,16777216,33554431,33554432,67108863
r0-wal-write-c4,wal,0,write,4,2,raft_pump_service,312,2973350960,9.529971025641027,4194304,8388607,33554432,67108863
r0-wal-write-c4,wal,0,write,4,2,raft_pump_idle_wait,312,6256358191,20.052430099358975,16777216,33554431,16777216,33554431
r0-wal-write-c4,wal,0,write,4,2,raft_pump_iteration_spacing,312,9230064850,29.583541185897435,16777216,33554431,33554432,67108863
r0-wal-write-c4,wal,0,write,4,3,raft_pump_service,246,3284372210,13.351106544715448,4194304,8388607,33554432,67108863
r0-wal-write-c4,wal,0,write,4,3,raft_pump_idle_wait,246,4932635437,20.051363565040653,16777216,33554431,16777216,33554431
r0-wal-write-c4,wal,0,write,4,3,raft_pump_iteration_spacing,246,8217148639,33.403043247967474,16777216,33554431,33554432,67108863
r0-wal-mixed-c1,wal,0,mixed,1,1,raft_pump_service,349,1113483203,3.190496283667622,4096,8191,8388608,16777215
r0-wal-mixed-c1,wal,0,mixed,1,1,raft_pump_idle_wait,349,6997667317,20.050622684813753,16777216,33554431,16777216,33554431
r0-wal-mixed-c1,wal,0,mixed,1,1,raft_pump_iteration_spacing,349,8111306146,23.24156488825215,16777216,33554431,16777216,33554431
r0-wal-mixed-c1,wal,0,mixed,1,2,raft_pump_service,349,1103157108,3.160908618911175,4096,8191,8388608,16777215
r0-wal-mixed-c1,wal,0,mixed,1,2,raft_pump_idle_wait,349,6997673209,20.050639567335246,16777216,33554431,16777216,33554431
r0-wal-mixed-c1,wal,0,mixed,1,2,raft_pump_iteration_spacing,349,8101188300,23.21257392550143,16777216,33554431,16777216,33554431
r0-wal-mixed-c1,wal,0,mixed,1,3,raft_pump_service,346,1128305446,3.2609983988439306,4096,8191,8388608,16777215
r0-wal-mixed-c1,wal,0,mixed,1,3,raft_pump_idle_wait,346,6937661951,20.05104610115607,16777216,33554431,16777216,33554431
r0-wal-mixed-c1,wal,0,mixed,1,3,raft_pump_iteration_spacing,346,8066134311,23.31252691040462,16777216,33554431,16777216,33554431
r0-wal-mixed-c4,wal,0,mixed,4,1,raft_pump_service,288,2332747302,8.099817020833333,4194304,8388607,16777216,33554431
r0-wal-mixed-c4,wal,0,mixed,4,1,raft_pump_idle_wait,288,5774769354,20.05128247916667,16777216,33554431,16777216,33554431
r0-wal-mixed-c4,wal,0,mixed,4,1,raft_pump_iteration_spacing,288,8107669416,28.151629916666668,16777216,33554431,33554432,67108863
r0-wal-mixed-c4,wal,0,mixed,4,2,raft_pump_service,301,2107489887,7.0016275315614624,4194304,8388607,16777216,33554431
r0-wal-mixed-c4,wal,0,mixed,4,2,raft_pump_idle_wait,301,6035259868,20.050697235880396,16777216,33554431,16777216,33554431
r0-wal-mixed-c4,wal,0,mixed,4,2,raft_pump_iteration_spacing,301,8143076454,27.0534101461794,16777216,33554431,33554432,67108863
r0-wal-mixed-c4,wal,0,mixed,4,3,raft_pump_service,290,2368053974,8.16570335862069,4194304,8388607,16777216,33554431
r0-wal-mixed-c4,wal,0,mixed,4,3,raft_pump_idle_wait,290,5814668266,20.050580227586206,16777216,33554431,16777216,33554431
r0-wal-mixed-c4,wal,0,mixed,4,3,raft_pump_iteration_spacing,290,8182876274,28.216814737931035,16777216,33554431,33554432,67108863
r0-minio-read-c1,minio,0,read,1,1,raft_pump_service,434,372237123,0.8576892235023041,4096,8191,4194304,8388607
r0-minio-read-c1,minio,0,read,1,1,raft_pump_idle_wait,434,8702152550,20.051042741935483,16777216,33554431,16777216,33554431
r0-minio-read-c1,minio,0,read,1,1,raft_pump_iteration_spacing,434,9074590479,20.909194652073733,16777216,33554431,16777216,33554431
r0-minio-read-c1,minio,0,read,1,2,raft_pump_service,433,367722090,0.8492427020785219,4096,8191,4194304,8388607
r0-minio-read-c1,minio,0,read,1,2,raft_pump_idle_wait,433,8682206859,20.051286048498845,16777216,33554431,16777216,33554431
r0-minio-read-c1,minio,0,read,1,2,raft_pump_iteration_spacing,433,9050347580,20.901495565819864,16777216,33554431,16777216,33554431
r0-minio-read-c1,minio,0,read,1,3,raft_pump_service,383,377070700,0.9845187989556137,4096,8191,4194304,8388607
r0-minio-read-c1,minio,0,read,1,3,raft_pump_idle_wait,383,7679397009,20.050644932114885,16777216,33554431,16777216,33554431
r0-minio-read-c1,minio,0,read,1,3,raft_pump_iteration_spacing,383,8056638432,21.035609483028722,16777216,33554431,16777216,33554431
r0-minio-read-c4,minio,0,read,4,1,raft_pump_service,434,389168303,0.8967011589861751,4096,8191,4194304,8388607
r0-minio-read-c4,minio,0,read,4,1,raft_pump_idle_wait,434,8702184067,20.05111536175115,16777216,33554431,16777216,33554431
r0-minio-read-c4,minio,0,read,4,1,raft_pump_iteration_spacing,434,9091547903,20.948267057603687,16777216,33554431,16777216,33554431
r0-minio-read-c4,minio,0,read,4,2,raft_pump_service,434,354904391,0.8177520529953917,4096,8191,4194304,8388607
r0-minio-read-c4,minio,0,read,4,2,raft_pump_idle_wait,434,8702125136,20.050979576036866,16777216,33554431,16777216,33554431
r0-minio-read-c4,minio,0,read,4,2,raft_pump_iteration_spacing,434,9057462825,20.869730011520737,16777216,33554431,16777216,33554431
r0-minio-read-c4,minio,0,read,4,3,raft_pump_service,386,303565773,0.7864398264248705,4096,8191,4194304,8388607
r0-minio-read-c4,minio,0,read,4,3,raft_pump_idle_wait,386,7739568145,20.050694676165804,16777216,33554431,16777216,33554431
r0-minio-read-c4,minio,0,read,4,3,raft_pump_iteration_spacing,386,8043299255,20.837562836787566,16777216,33554431,16777216,33554431
r0-minio-write-c1,minio,0,write,1,1,raft_pump_service,325,3653344401,11.241059695384616,4194304,8388607,33554432,67108863
r0-minio-write-c1,minio,0,write,1,1,raft_pump_idle_wait,325,6516786287,20.051650113846154,16777216,33554431,16777216,33554431
r0-minio-write-c1,minio,0,write,1,1,raft_pump_iteration_spacing,325,10170321583,31.293297178461536,16777216,33554431,33554432,67108863
r0-minio-write-c1,minio,0,write,1,2,raft_pump_service,330,3564957574,10.80290173939394,8388608,16777215,33554432,67108863
r0-minio-write-c1,minio,0,write,1,2,raft_pump_idle_wait,330,6617116372,20.051867793939394,16777216,33554431,16777216,33554431
r0-minio-write-c1,minio,0,write,1,2,raft_pump_iteration_spacing,330,10182447780,30.855902363636364,16777216,33554431,33554432,67108863
r0-minio-write-c1,minio,0,write,1,3,raft_pump_service,332,3558180841,10.717412171686746,4194304,8388607,33554432,67108863
r0-minio-write-c1,minio,0,write,1,3,raft_pump_idle_wait,332,6657135252,20.05161220481928,16777216,33554431,16777216,33554431
r0-minio-write-c1,minio,0,write,1,3,raft_pump_iteration_spacing,332,10215499625,30.76957718373494,16777216,33554431,33554432,67108863
r0-minio-write-c4,minio,0,write,4,1,raft_pump_service,272,4794539744,17.62698435294118,4194304,8388607,33554432,67108863
r0-minio-write-c4,minio,0,write,4,1,raft_pump_idle_wait,272,5453973261,20.051372283088238,16777216,33554431,16777216,33554431
r0-minio-write-c4,minio,0,write,4,1,raft_pump_iteration_spacing,272,10248682824,37.678980970588235,16777216,33554431,67108864,134217727
r0-minio-write-c4,minio,0,write,4,2,raft_pump_service,309,3992212534,12.91978166343042,4194304,8388607,33554432,67108863
r0-minio-write-c4,minio,0,write,4,2,raft_pump_idle_wait,309,6195859041,20.05132375728155,16777216,33554431,16777216,33554431
r0-minio-write-c4,minio,0,write,4,2,raft_pump_iteration_spacing,309,10188459066,32.9723594368932,16777216,33554431,33554432,67108863
r0-minio-write-c4,minio,0,write,4,3,raft_pump_service,262,5075091528,19.370578351145035,4194304,8388607,67108864,134217727
r0-minio-write-c4,minio,0,write,4,3,raft_pump_idle_wait,262,5253494922,20.05150733587786,16777216,33554431,16777216,33554431
r0-minio-write-c4,minio,0,write,4,3,raft_pump_iteration_spacing,262,10328740248,39.42267270229007,16777216,33554431,67108864,134217727
r0-minio-mixed-c1,minio,0,mixed,1,1,raft_pump_service,389,2310312402,5.939106431876606,4096,8191,16777216,33554431
r0-minio-mixed-c1,minio,0,mixed,1,1,raft_pump_idle_wait,389,7800012160,20.051445141388175,16777216,33554431,16777216,33554431
r0-minio-mixed-c1,minio,0,mixed,1,1,raft_pump_iteration_spacing,389,10110542551,25.9911119562982,16777216,33554431,33554432,67108863
r0-minio-mixed-c1,minio,0,mixed,1,2,raft_pump_service,356,2004458624,5.630501752808989,8192,16383,16777216,33554431
r0-minio-mixed-c1,minio,0,mixed,1,2,raft_pump_idle_wait,356,7138167949,20.05103356460674,16777216,33554431,16777216,33554431
r0-minio-mixed-c1,minio,0,mixed,1,2,raft_pump_iteration_spacing,356,9143052021,25.682730396067413,16777216,33554431,33554432,67108863
r0-minio-mixed-c1,minio,0,mixed,1,3,raft_pump_service,348,2200150545,6.322271681034483,4096,8191,16777216,33554431
r0-minio-mixed-c1,minio,0,mixed,1,3,raft_pump_idle_wait,348,6977777438,20.051084591954023,16777216,33554431,16777216,33554431
r0-minio-mixed-c1,minio,0,mixed,1,3,raft_pump_iteration_spacing,348,9178116988,26.373899390804596,16777216,33554431,33554432,67108863
r0-minio-mixed-c4,minio,0,mixed,4,1,raft_pump_service,296,3296624553,11.137245111486488,4194304,8388607,33554432,67108863
r0-minio-mixed-c4,minio,0,mixed,4,1,raft_pump_idle_wait,296,5935264148,20.05156806756757,16777216,33554431,16777216,33554431
r0-minio-mixed-c4,minio,0,mixed,4,1,raft_pump_iteration_spacing,296,9232061894,31.189398290540538,16777216,33554431,67108864,134217727
r0-minio-mixed-c4,minio,0,mixed,4,2,raft_pump_service,302,3121281464,10.335369086092715,8192,16383,33554432,67108863
r0-minio-mixed-c4,minio,0,mixed,4,2,raft_pump_idle_wait,302,6055501460,20.051329337748346,16777216,33554431,16777216,33554431
r0-minio-mixed-c4,minio,0,mixed,4,2,raft_pump_iteration_spacing,302,9177123215,30.38782521523179,16777216,33554431,33554432,67108863
r0-minio-mixed-c4,minio,0,mixed,4,3,raft_pump_service,341,3351956209,9.829783604105572,4096,8191,33554432,67108863
r0-minio-mixed-c4,minio,0,mixed,4,3,raft_pump_idle_wait,341,6837375967,20.05095591495601,16777216,33554431,16777216,33554431
r0-minio-mixed-c4,minio,0,mixed,4,3,raft_pump_iteration_spacing,341,10189523645,29.881301011730205,16777216,33554431,33554432,67108863
r1-minio-mixed-c4,minio,1,mixed,4,1,raft_pump_service,285,3436247916,12.057010231578948,4194304,8388607,33554432,67108863
r1-minio-mixed-c4,minio,1,mixed,4,1,raft_pump_idle_wait,285,5714308459,20.050205119298244,16777216,33554431,16777216,33554431
r1-minio-mixed-c4,minio,1,mixed,4,1,raft_pump_iteration_spacing,285,9150705886,32.107739950877196,16777216,33554431,67108864,134217727
r1-minio-mixed-c4,minio,1,mixed,4,2,raft_pump_service,292,3370847375,11.543997859589041,4194304,8388607,33554432,67108863
r1-minio-mixed-c4,minio,1,mixed,4,2,raft_pump_idle_wait,292,5854892044,20.05100015068493,16777216,33554431,16777216,33554431
r1-minio-mixed-c4,minio,1,mixed,4,2,raft_pump_iteration_spacing,292,9226070945,31.59613337328767,16777216,33554431,67108864,134217727
r1-minio-mixed-c4,minio,1,mixed,4,3,raft_pump_service,285,3398437405,11.924341771929825,4194304,8388607,33554432,67108863
r1-minio-mixed-c4,minio,1,mixed,4,3,raft_pump_idle_wait,285,5714345547,20.05033525263158,16777216,33554431,16777216,33554431
r1-minio-mixed-c4,minio,1,mixed,4,3,raft_pump_iteration_spacing,285,9112950364,31.97526443508772,16777216,33554431,33554432,67108863
r1-minio-mixed-c1,minio,1,mixed,1,1,raft_pump_service,344,2372377748,6.896446941860465,4096,8191,16777216,33554431
r1-minio-mixed-c1,minio,1,mixed,1,1,raft_pump_idle_wait,344,6897538932,20.05098526744186,16777216,33554431,16777216,33554431
r1-minio-mixed-c1,minio,1,mixed,1,1,raft_pump_iteration_spacing,344,9270084563,26.947920241279068,16777216,33554431,33554432,67108863
r1-minio-mixed-c1,minio,1,mixed,1,2,raft_pump_service,356,2035972900,5.719025,8192,16383,16777216,33554431
r1-minio-mixed-c1,minio,1,mixed,1,2,raft_pump_idle_wait,356,7138087141,20.050806575842696,16777216,33554431,16777216,33554431
r1-minio-mixed-c1,minio,1,mixed,1,2,raft_pump_iteration_spacing,356,9174429690,25.770869915730337,16777216,33554431,33554432,67108863
r1-minio-mixed-c1,minio,1,mixed,1,3,raft_pump_service,344,2241274072,6.515331604651163,4096,8191,16777216,33554431
r1-minio-mixed-c1,minio,1,mixed,1,3,raft_pump_idle_wait,344,6897933246,20.052131529069765,16777216,33554431,16777216,33554431
r1-minio-mixed-c1,minio,1,mixed,1,3,raft_pump_iteration_spacing,344,9139394747,26.568007985465115,16777216,33554431,33554432,67108863
r1-minio-write-c4,minio,1,write,4,1,raft_pump_service,266,4949965014,18.60889103007519,4194304,8388607,67108864,134217727
r1-minio-write-c4,minio,1,write,4,1,raft_pump_idle_wait,266,5333717051,20.051567860902257,16777216,33554431,16777216,33554431
r1-minio-write-c4,minio,1,write,4,1,raft_pump_iteration_spacing,266,10283819723,38.66097640225564,16777216,33554431,67108864,134217727
r1-minio-write-c4,minio,1,write,4,2,raft_pump_service,312,3952085017,12.666939157051281,4194304,8388607,33554432,67108863
r1-minio-write-c4,minio,1,write,4,2,raft_pump_idle_wait,312,6256041706,20.051415724358975,16777216,33554431,16777216,33554431
r1-minio-write-c4,minio,1,write,4,2,raft_pump_iteration_spacing,312,10208494654,32.719534147435894,16777216,33554431,33554432,67108863
r1-minio-write-c4,minio,1,write,4,3,raft_pump_service,271,4789346952,17.672866981549813,4194304,8388607,67108864,134217727
r1-minio-write-c4,minio,1,write,4,3,raft_pump_idle_wait,271,5434185605,20.05234540590406,16777216,33554431,16777216,33554431
r1-minio-write-c4,minio,1,write,4,3,raft_pump_iteration_spacing,271,10223695971,37.72581539114391,16777216,33554431,67108864,134217727
r1-minio-write-c1,minio,1,write,1,1,raft_pump_service,319,3881179490,12.166706865203762,4194304,8388607,33554432,67108863
r1-minio-write-c1,minio,1,write,1,1,raft_pump_idle_wait,319,6396576372,20.05196354858934,16777216,33554431,16777216,33554431
r1-minio-write-c1,minio,1,write,1,1,raft_pump_iteration_spacing,319,10277925031,32.219200724137934,16777216,33554431,67108864,134217727
r1-minio-write-c1,minio,1,write,1,2,raft_pump_service,334,3445135194,10.31477602994012,8388608,16777215,16777216,33554431
r1-minio-write-c1,minio,1,write,1,2,raft_pump_idle_wait,334,6696985614,20.05085513173653,16777216,33554431,16777216,33554431
r1-minio-write-c1,minio,1,write,1,2,raft_pump_iteration_spacing,334,10142531292,30.36686015568862,16777216,33554431,33554432,67108863
r1-minio-write-c1,minio,1,write,1,3,raft_pump_service,316,3856273923,12.203398490506329,4194304,8388607,33554432,67108863
r1-minio-write-c1,minio,1,write,1,3,raft_pump_idle_wait,316,6336277690,20.05151167721519,16777216,33554431,16777216,33554431
r1-minio-write-c1,minio,1,write,1,3,raft_pump_iteration_spacing,316,10192730810,32.25547724683545,16777216,33554431,67108864,134217727
r1-minio-read-c4,minio,1,read,4,1,raft_pump_service,384,354786081,0.9239220859375,4096,8191,4194304,8388607
r1-minio-read-c4,minio,1,read,4,1,raft_pump_idle_wait,384,7699254037,20.05014072135417,16777216,33554431,16777216,33554431
r1-minio-read-c4,minio,1,read,4,1,raft_pump_iteration_spacing,384,8054190883,20.974455424479167,16777216,33554431,16777216,33554431
r1-minio-read-c4,minio,1,read,4,2,raft_pump_service,440,245657175,0.5583117613636364,4096,8191,16384,32767
r1-minio-read-c4,minio,1,read,4,2,raft_pump_idle_wait,440,8822308014,20.05070003181818,16777216,33554431,16777216,33554431
r1-minio-read-c4,minio,1,read,4,2,raft_pump_iteration_spacing,440,9068400423,20.610000961363635,16777216,33554431,16777216,33554431
r1-minio-read-c4,minio,1,read,4,3,raft_pump_service,438,314985757,0.7191455639269406,4096,8191,4194304,8388607
r1-minio-read-c4,minio,1,read,4,3,raft_pump_idle_wait,438,8782435840,20.051223378995434,16777216,33554431,16777216,33554431
r1-minio-read-c4,minio,1,read,4,3,raft_pump_iteration_spacing,438,9097639089,20.7708655,16777216,33554431,16777216,33554431
r1-minio-read-c1,minio,1,read,1,1,raft_pump_service,430,450919677,1.0486504116279072,4096,8191,4194304,8388607
r1-minio-read-c1,minio,1,read,1,1,raft_pump_idle_wait,430,8622270923,20.051792844186046,16777216,33554431,16777216,33554431
r1-minio-read-c1,minio,1,read,1,1,raft_pump_iteration_spacing,430,9093000571,21.14651295581395,16777216,33554431,16777216,33554431
r1-minio-read-c1,minio,1,read,1,2,raft_pump_service,388,306090849,0.7888939407216494,4096,8191,4194304,8388607
r1-minio-read-c1,minio,1,read,1,2,raft_pump_idle_wait,388,7779994582,20.051532427835053,16777216,33554431,16777216,33554431
r1-minio-read-c1,minio,1,read,1,2,raft_pump_iteration_spacing,388,8086481543,20.8414472757732,16777216,33554431,16777216,33554431
r1-minio-read-c1,minio,1,read,1,3,raft_pump_service,384,355429856,0.9255985833333333,4096,8191,4194304,8388607
r1-minio-read-c1,minio,1,read,1,3,raft_pump_idle_wait,384,7699767550,20.051477994791668,16777216,33554431,16777216,33554431
r1-minio-read-c1,minio,1,read,1,3,raft_pump_iteration_spacing,384,8055393015,20.9775859765625,16777216,33554431,16777216,33554431
r1-wal-mixed-c4,wal,1,mixed,4,1,raft_pump_service,292,2274649184,7.789894465753425,4194304,8388607,16777216,33554431
r1-wal-mixed-c4,wal,1,mixed,4,1,raft_pump_idle_wait,292,5854831101,20.05079144178082,16777216,33554431,16777216,33554431
r1-wal-mixed-c4,wal,1,mixed,4,1,raft_pump_iteration_spacing,292,8129627225,27.84118912671233,16777216,33554431,33554432,67108863
r1-wal-mixed-c4,wal,1,mixed,4,2,raft_pump_service,289,2320352699,8.02890207266436,4194304,8388607,16777216,33554431
r1-wal-mixed-c4,wal,1,mixed,4,2,raft_pump_idle_wait,289,5794548804,20.050341882352942,16777216,33554431,16777216,33554431
r1-wal-mixed-c4,wal,1,mixed,4,2,raft_pump_iteration_spacing,289,8115054312,28.079772705882352,16777216,33554431,33554432,67108863
r1-wal-mixed-c4,wal,1,mixed,4,3,raft_pump_service,301,2165458654,7.194214797342193,4194304,8388607,16777216,33554431
r1-wal-mixed-c4,wal,1,mixed,4,3,raft_pump_idle_wait,301,6035245693,20.05065014285714,16777216,33554431,16777216,33554431
r1-wal-mixed-c4,wal,1,mixed,4,3,raft_pump_iteration_spacing,301,8201028506,27.24594188039867,16777216,33554431,33554432,67108863
r1-wal-mixed-c1,wal,1,mixed,1,1,raft_pump_service,349,1094491700,3.136079369627507,4096,8191,8388608,16777215
r1-wal-mixed-c1,wal,1,mixed,1,1,raft_pump_idle_wait,349,6997777062,20.050937140401146,16777216,33554431,16777216,33554431
r1-wal-mixed-c1,wal,1,mixed,1,1,raft_pump_iteration_spacing,349,8092450126,23.18753617765043,16777216,33554431,16777216,33554431
r1-wal-mixed-c1,wal,1,mixed,1,2,raft_pump_service,347,1134961329,3.2707819279538906,4096,8191,8388608,16777215
r1-wal-mixed-c1,wal,1,mixed,1,2,raft_pump_idle_wait,347,6957783513,20.05124931700288,16777216,33554431,16777216,33554431
r1-wal-mixed-c1,wal,1,mixed,1,2,raft_pump_iteration_spacing,347,8092939999,23.32259365706052,16777216,33554431,33554432,67108863
r1-wal-mixed-c1,wal,1,mixed,1,3,raft_pump_service,350,1074095645,3.0688447,8192,16383,8388608,16777215
r1-wal-mixed-c1,wal,1,mixed,1,3,raft_pump_idle_wait,350,7018137105,20.0518203,16777216,33554431,16777216,33554431
r1-wal-mixed-c1,wal,1,mixed,1,3,raft_pump_iteration_spacing,350,8092617158,23.121763308571428,16777216,33554431,16777216,33554431
r1-wal-write-c4,wal,1,write,4,1,raft_pump_service,290,3344211444,11.5317636,4194304,8388607,33554432,67108863
r1-wal-write-c4,wal,1,write,4,1,raft_pump_idle_wait,290,5814906412,20.051401420689654,16777216,33554431,16777216,33554431
r1-wal-write-c4,wal,1,write,4,1,raft_pump_iteration_spacing,290,9159279674,31.583723013793104,16777216,33554431,33554432,67108863
r1-wal-write-c4,wal,1,write,4,2,raft_pump_service,293,3289246251,11.226096419795223,4194304,8388607,33554432,67108863
r1-wal-write-c4,wal,1,write,4,2,raft_pump_idle_wait,293,5875253088,20.052058320819114,16777216,33554431,16777216,33554431
r1-wal-write-c4,wal,1,write,4,2,raft_pump_iteration_spacing,293,9164663187,31.278713948805464,16777216,33554431,33554432,67108863
r1-wal-write-c4,wal,1,write,4,3,raft_pump_service,306,3077482938,10.057133784313725,4194304,8388607,33554432,67108863
r1-wal-write-c4,wal,1,write,4,3,raft_pump_idle_wait,306,6135582786,20.050924137254903,16777216,33554431,16777216,33554431
r1-wal-write-c4,wal,1,write,4,3,raft_pump_iteration_spacing,306,9213397887,30.10914342156863,16777216,33554431,33554432,67108863
r1-wal-write-c1,wal,1,write,1,1,raft_pump_service,351,2133509520,6.078374700854701,4194304,8388607,8388608,16777215
r1-wal-write-c1,wal,1,write,1,1,raft_pump_idle_wait,351,7038026377,20.0513571994302,16777216,33554431,16777216,33554431
r1-wal-write-c1,wal,1,write,1,1,raft_pump_iteration_spacing,351,9171713713,26.130238498575498,16777216,33554431,33554432,67108863
r1-wal-write-c1,wal,1,write,1,2,raft_pump_service,349,2168941908,6.214733260744986,4194304,8388607,8388608,16777215
r1-wal-write-c1,wal,1,write,1,2,raft_pump_idle_wait,349,6997671373,20.050634306590258,16777216,33554431,16777216,33554431
r1-wal-write-c1,wal,1,write,1,2,raft_pump_iteration_spacing,349,9166800341,26.265903555873926,16777216,33554431,33554432,67108863
r1-wal-write-c1,wal,1,write,1,3,raft_pump_service,349,2118794816,6.071045318051576,4194304,8388607,8388608,16777215
r1-wal-write-c1,wal,1,write,1,3,raft_pump_idle_wait,349,6997958734,20.05145769054441,16777216,33554431,16777216,33554431
r1-wal-write-c1,wal,1,write,1,3,raft_pump_iteration_spacing,349,9117115890,26.123541232091693,16777216,33554431,33554432,67108863
r1-wal-read-c4,wal,1,read,4,1,raft_pump_service,398,135990969,0.341685851758794,4096,8191,16384,32767
r1-wal-read-c4,wal,1,read,4,1,raft_pump_idle_wait,398,7980260924,20.050906844221103,16777216,33554431,16777216,33554431
r1-wal-read-c4,wal,1,read,4,1,raft_pump_iteration_spacing,398,8116431267,20.39304338442211,16777216,33554431,16777216,33554431
r1-wal-read-c4,wal,1,read,4,2,raft_pump_service,395,136407352,0.3453350683544304,4096,8191,16384,32767
r1-wal-read-c4,wal,1,read,4,2,raft_pump_idle_wait,395,7919922560,20.050436860759493,16777216,33554431,16777216,33554431
r1-wal-read-c4,wal,1,read,4,2,raft_pump_iteration_spacing,395,8056501008,20.396205083544302,16777216,33554431,16777216,33554431
r1-wal-read-c4,wal,1,read,4,3,raft_pump_service,395,136819142,0.3463775746835443,4096,8191,16384,32767
r1-wal-read-c4,wal,1,read,4,3,raft_pump_idle_wait,395,7920156868,20.05103004556962,16777216,33554431,16777216,33554431
r1-wal-read-c4,wal,1,read,4,3,raft_pump_iteration_spacing,395,8057333383,20.398312362025315,16777216,33554431,16777216,33554431
r1-wal-read-c1,wal,1,read,1,1,raft_pump_service,395,140648446,0.3560720151898734,4096,8191,8192,16383
r1-wal-read-c1,wal,1,read,1,1,raft_pump_idle_wait,395,7920289325,20.051365379746837,16777216,33554431,16777216,33554431
r1-wal-read-c1,wal,1,read,1,1,raft_pump_iteration_spacing,395,8061121282,20.407901979746836,16777216,33554431,16777216,33554431
r1-wal-read-c1,wal,1,read,1,2,raft_pump_service,395,140448579,0.3555660227848101,4096,8191,8192,16383
r1-wal-read-c1,wal,1,read,1,2,raft_pump_idle_wait,395,7920364257,20.05155508101266,16777216,33554431,16777216,33554431
r1-wal-read-c1,wal,1,read,1,2,raft_pump_iteration_spacing,395,8060993031,20.407577293670887,16777216,33554431,16777216,33554431
r1-wal-read-c1,wal,1,read,1,3,raft_pump_service,394,150893422,0.3829782284263959,4096,8191,16384,32767
r1-wal-read-c1,wal,1,read,1,3,raft_pump_idle_wait,394,7900061040,20.050916345177665,16777216,33554431,16777216,33554431
r1-wal-read-c1,wal,1,read,1,3,raft_pump_iteration_spacing,394,8051334611,20.434859418781727,16777216,33554431,16777216,33554431
r2-wal-read-c1,wal,2,read,1,1,raft_pump_service,395,137473926,0.34803525569620253,4096,8191,8192,16383
r2-wal-read-c1,wal,2,read,1,1,raft_pump_idle_wait,395,7919970291,20.050557698734174,16777216,33554431,16777216,33554431
r2-wal-read-c1,wal,2,read,1,1,raft_pump_iteration_spacing,395,8057620708,20.399039767088606,16777216,33554431,16777216,33554431
r2-wal-read-c1,wal,2,read,1,2,raft_pump_service,395,137403988,0.34785819746835445,4096,8191,8192,16383
r2-wal-read-c1,wal,2,read,1,2,raft_pump_idle_wait,395,7921078693,20.053363779746835,16777216,33554431,16777216,33554431
r2-wal-read-c1,wal,2,read,1,2,raft_pump_iteration_spacing,395,8058866699,20.402194174683544,16777216,33554431,16777216,33554431
r2-wal-read-c1,wal,2,read,1,3,raft_pump_service,395,136848460,0.3464517974683544,4096,8191,8192,16383
r2-wal-read-c1,wal,2,read,1,3,raft_pump_idle_wait,395,7920607162,20.052170030379745,16777216,33554431,16777216,33554431
r2-wal-read-c1,wal,2,read,1,3,raft_pump_iteration_spacing,395,8057620421,20.39903904050633,16777216,33554431,16777216,33554431
r2-wal-read-c4,wal,2,read,4,1,raft_pump_service,395,143997630,0.36455096202531645,4096,8191,8192,16383
r2-wal-read-c4,wal,2,read,4,1,raft_pump_idle_wait,395,7920034892,20.05072124556962,16777216,33554431,16777216,33554431
r2-wal-read-c4,wal,2,read,4,1,raft_pump_iteration_spacing,395,8064207215,20.41571446835443,16777216,33554431,16777216,33554431
r2-wal-read-c4,wal,2,read,4,2,raft_pump_service,394,144931072,0.3678453604060914,4096,8191,8192,16383
r2-wal-read-c4,wal,2,read,4,2,raft_pump_idle_wait,394,7900041638,20.050867101522844,16777216,33554431,16777216,33554431
r2-wal-read-c4,wal,2,read,4,2,raft_pump_iteration_spacing,394,8045372177,20.41972633756345,16777216,33554431,16777216,33554431
r2-wal-read-c4,wal,2,read,4,3,raft_pump_service,394,144400710,0.36649926395939086,4096,8191,8192,16383
r2-wal-read-c4,wal,2,read,4,3,raft_pump_idle_wait,394,7899863187,20.050414180203045,16777216,33554431,16777216,33554431
r2-wal-read-c4,wal,2,read,4,3,raft_pump_iteration_spacing,394,8044435600,20.41734923857868,16777216,33554431,16777216,33554431
r2-wal-write-c1,wal,2,write,1,1,raft_pump_service,355,2013042952,5.6705435267605635,4194304,8388607,8388608,16777215
r2-wal-write-c1,wal,2,write,1,1,raft_pump_idle_wait,355,7118114202,20.05102592112676,16777216,33554431,16777216,33554431
r2-wal-write-c1,wal,2,write,1,1,raft_pump_iteration_spacing,355,9131330867,25.72205878028169,16777216,33554431,33554432,67108863
r2-wal-write-c1,wal,2,write,1,2,raft_pump_service,353,2076950509,5.883712490084986,4194304,8388607,8388608,16777215
r2-wal-write-c1,wal,2,write,1,2,raft_pump_idle_wait,353,7078266295,20.051745878186967,16777216,33554431,16777216,33554431
r2-wal-write-c1,wal,2,write,1,2,raft_pump_iteration_spacing,353,9155591973,25.93652116997167,16777216,33554431,33554432,67108863
r2-wal-write-c1,wal,2,write,1,3,raft_pump_service,304,2057781009,6.769016476973684,4194304,8388607,8388608,16777215
r2-wal-write-c1,wal,2,write,1,3,raft_pump_idle_wait,304,6095452769,20.050831476973684,16777216,33554431,16777216,33554431
r2-wal-write-c1,wal,2,write,1,3,raft_pump_iteration_spacing,304,8153389788,26.820361144736843,16777216,33554431,33554432,67108863
r2-wal-write-c4,wal,2,write,4,1,raft_pump_service,290,3323620423,11.460760079310344,4194304,8388607,33554432,67108863
r2-wal-write-c4,wal,2,write,4,1,raft_pump_idle_wait,290,5815041988,20.05186892413793,16777216,33554431,16777216,33554431
r2-wal-write-c4,wal,2,write,4,1,raft_pump_iteration_spacing,290,9138808560,31.51313296551724,16777216,33554431,33554432,67108863
r2-wal-write-c4,wal,2,write,4,2,raft_pump_service,304,3033491630,9.978590888157894,4194304,8388607,33554432,67108863
r2-wal-write-c4,wal,2,write,4,2,raft_pump_idle_wait,304,6095529760,20.051084736842107,16777216,33554431,16777216,33554431
r2-wal-write-c4,wal,2,write,4,2,raft_pump_iteration_spacing,304,9129335824,30.030709947368422,16777216,33554431,33554432,67108863
r2-wal-write-c4,wal,2,write,4,3,raft_pump_service,240,3369092878,14.037886991666667,4194304,8388607,33554432,67108863
r2-wal-write-c4,wal,2,write,4,3,raft_pump_idle_wait,240,4812246859,20.051028579166665,16777216,33554431,16777216,33554431
r2-wal-write-c4,wal,2,write,4,3,raft_pump_iteration_spacing,240,8181467734,34.08944889166666,16777216,33554431,33554432,67108863
r2-wal-mixed-c1,wal,2,mixed,1,1,raft_pump_service,351,1085166659,3.091642903133903,4096,8191,8388608,16777215
r2-wal-mixed-c1,wal,2,mixed,1,1,raft_pump_idle_wait,351,7037824554,20.050782205128204,16777216,33554431,16777216,33554431
r2-wal-mixed-c1,wal,2,mixed,1,1,raft_pump_iteration_spacing,351,8123165985,23.142923034188037,16777216,33554431,16777216,33554431
r2-wal-mixed-c1,wal,2,mixed,1,2,raft_pump_service,350,1079746378,3.0849896514285713,4096,8191,8388608,16777215
r2-wal-mixed-c1,wal,2,mixed,1,2,raft_pump_idle_wait,350,7018059910,20.051599742857142,16777216,33554431,16777216,33554431
r2-wal-mixed-c1,wal,2,mixed,1,2,raft_pump_iteration_spacing,350,8098175612,23.137644605714282,16777216,33554431,16777216,33554431
r2-wal-mixed-c1,wal,2,mixed,1,3,raft_pump_service,351,1064976186,3.034120188034188,4096,8191,8388608,16777215
r2-wal-mixed-c1,wal,2,mixed,1,3,raft_pump_idle_wait,351,7038063195,20.051462094017097,16777216,33554431,16777216,33554431
r2-wal-mixed-c1,wal,2,mixed,1,3,raft_pump_iteration_spacing,351,8103205978,23.08605691737892,16777216,33554431,16777216,33554431
r2-wal-mixed-c4,wal,2,mixed,4,1,raft_pump_service,299,2151975775,7.1972433946488295,8192,16383,16777216,33554431
r2-wal-mixed-c4,wal,2,mixed,4,1,raft_pump_idle_wait,299,5995337684,20.051296602006687,16777216,33554431,16777216,33554431
r2-wal-mixed-c4,wal,2,mixed,4,1,raft_pump_iteration_spacing,299,8147471479,27.249068491638795,16777216,33554431,33554432,67108863
r2-wal-mixed-c4,wal,2,mixed,4,2,raft_pump_service,311,1916319977,6.161800569131833,8192,16383,16777216,33554431
r2-wal-mixed-c4,wal,2,mixed,4,2,raft_pump_idle_wait,311,6236126050,20.051852250803858,16777216,33554431,16777216,33554431
r2-wal-mixed-c4,wal,2,mixed,4,2,raft_pump_iteration_spacing,311,8152800590,26.214792893890674,16777216,33554431,33554432,67108863
r2-wal-mixed-c4,wal,2,mixed,4,3,raft_pump_service,298,2157322132,7.239336013422819,8192,16383,16777216,33554431
r2-wal-mixed-c4,wal,2,mixed,4,3,raft_pump_idle_wait,298,5975183641,20.05095181543624,16777216,33554431,16777216,33554431
r2-wal-mixed-c4,wal,2,mixed,4,3,raft_pump_iteration_spacing,298,8132671258,27.290843147651007,16777216,33554431,33554432,67108863
r2-minio-read-c1,minio,2,read,1,1,raft_pump_service,437,308252829,0.7053840480549199,4096,8191,4194304,8388607
r2-minio-read-c1,minio,2,read,1,1,raft_pump_idle_wait,437,8762403038,20.05126553318078,16777216,33554431,16777216,33554431
r2-minio-read-c1,minio,2,read,1,1,raft_pump_iteration_spacing,437,9070846933,20.75708680320366,16777216,33554431,16777216,33554431
r2-minio-read-c1,minio,2,read,1,2,raft_pump_service,387,323305086,0.8354136589147286,4096,8191,4194304,8388607
r2-minio-read-c1,minio,2,read,1,2,raft_pump_idle_wait,387,7759895217,20.051408829457365,16777216,33554431,16777216,33554431
r2-minio-read-c1,minio,2,read,1,2,raft_pump_iteration_spacing,387,8083355408,20.88722327648579,16777216,33554431,16777216,33554431
r2-minio-read-c1,minio,2,read,1,3,raft_pump_service,384,373730064,0.973255375,4096,8191,4194304,8388607
r2-minio-read-c1,minio,2,read,1,3,raft_pump_idle_wait,384,7699699142,20.051299848958333,16777216,33554431,16777216,33554431
r2-minio-read-c1,minio,2,read,1,3,raft_pump_iteration_spacing,384,8073808297,21.025542440104168,16777216,33554431,16777216,33554431
r2-minio-read-c4,minio,2,read,4,1,raft_pump_service,384,356560368,0.928542625,4096,8191,4194304,8388607
r2-minio-read-c4,minio,2,read,4,1,raft_pump_idle_wait,384,7699458472,20.050673104166666,16777216,33554431,16777216,33554431
r2-minio-read-c4,minio,2,read,4,1,raft_pump_iteration_spacing,384,8056184359,20.979646768229166,16777216,33554431,16777216,33554431
r2-minio-read-c4,minio,2,read,4,2,raft_pump_service,384,376789023,0.9812214140625,4096,8191,4194304,8388607
r2-minio-read-c4,minio,2,read,4,2,raft_pump_idle_wait,384,7699580366,20.050990536458333,16777216,33554431,16777216,33554431
r2-minio-read-c4,minio,2,read,4,2,raft_pump_iteration_spacing,384,8076526081,21.03262000260417,16777216,33554431,16777216,33554431
r2-minio-read-c4,minio,2,read,4,3,raft_pump_service,388,292454127,0.75374775,4096,8191,4194304,8388607
r2-minio-read-c4,minio,2,read,4,3,raft_pump_idle_wait,388,7779744415,20.05088766752577,16777216,33554431,16777216,33554431
r2-minio-read-c4,minio,2,read,4,3,raft_pump_iteration_spacing,388,8072592624,20.805651092783506,16777216,33554431,16777216,33554431
r2-minio-write-c1,minio,2,write,1,1,raft_pump_service,319,3773794207,11.830075884012539,4194304,8388607,33554432,67108863
r2-minio-write-c1,minio,2,write,1,1,raft_pump_idle_wait,319,6396555748,20.051898896551723,16777216,33554431,16777216,33554431
r2-minio-write-c1,minio,2,write,1,1,raft_pump_iteration_spacing,319,10170533106,31.882548921630097,16777216,33554431,33554432,67108863
r2-minio-write-c1,minio,2,write,1,2,raft_pump_service,312,3869283818,12.401550698717948,4194304,8388607,33554432,67108863
r2-minio-write-c1,minio,2,write,1,2,raft_pump_idle_wait,312,6255795671,20.050627150641024,16777216,33554431,16777216,33554431
r2-minio-write-c1,minio,2,write,1,2,raft_pump_iteration_spacing,312,10125258008,32.45275002564102,16777216,33554431,67108864,134217727
r2-minio-write-c1,minio,2,write,1,3,raft_pump_service,332,3542774354,10.671007090361446,8388608,16777215,33554432,67108863
r2-minio-write-c1,minio,2,write,1,3,raft_pump_idle_wait,332,6656775445,20.05052844879518,16777216,33554431,16777216,33554431
r2-minio-write-c1,minio,2,write,1,3,raft_pump_iteration_spacing,332,10199934160,30.72269325301205,16777216,33554431,33554432,67108863
r2-minio-write-c4,minio,2,write,4,1,raft_pump_service,279,4904073705,17.57732510752688,4194304,8388607,33554432,67108863
r2-minio-write-c4,minio,2,write,4,1,raft_pump_idle_wait,279,5594477161,20.051889465949824,16777216,33554431,16777216,33554431
r2-minio-write-c4,minio,2,write,4,1,raft_pump_iteration_spacing,279,10498717879,37.629813186379934,16777216,33554431,67108864,134217727
r2-minio-write-c4,minio,2,write,4,2,raft_pump_service,269,5044744253,18.75369610780669,4194304,8388607,67108864,134217727
r2-minio-write-c4,minio,2,write,4,2,raft_pump_idle_wait,269,5393723369,20.051016241635686,16777216,33554431,16777216,33554431
r2-minio-write-c4,minio,2,write,4,2,raft_pump_iteration_spacing,269,10438619347,38.80527638289963,16777216,33554431,67108864,134217727
r2-minio-write-c4,minio,2,write,4,3,raft_pump_service,306,4182927288,13.669697019607844,4194304,8388607,33554432,67108863
r2-minio-write-c4,minio,2,write,4,3,raft_pump_idle_wait,306,6135349078,20.050160385620913,16777216,33554431,16777216,33554431
r2-minio-write-c4,minio,2,write,4,3,raft_pump_iteration_spacing,306,10318621110,33.72098401960784,16777216,33554431,67108864,134217727
r2-minio-mixed-c1,minio,2,mixed,1,1,raft_pump_service,342,2222251500,6.497811403508772,4096,8191,16777216,33554431
r2-minio-mixed-c1,minio,2,mixed,1,1,raft_pump_idle_wait,342,6857317071,20.050634710526317,16777216,33554431,16777216,33554431
r2-minio-mixed-c1,minio,2,mixed,1,1,raft_pump_iteration_spacing,342,9079749197,26.548974260233916,16777216,33554431,33554432,67108863
r2-minio-mixed-c1,minio,2,mixed,1,2,raft_pump_service,353,2046930516,5.798670016997167,4096,8191,16777216,33554431
r2-minio-mixed-c1,minio,2,mixed,1,2,raft_pump_idle_wait,353,7077939617,20.050820444759204,16777216,33554431,16777216,33554431
r2-minio-mixed-c1,minio,2,mixed,1,2,raft_pump_iteration_spacing,353,9125049989,25.849999968838528,16777216,33554431,33554432,67108863
r2-minio-mixed-c1,minio,2,mixed,1,3,raft_pump_service,352,2106834149,5.985324286931818,8192,16383,16777216,33554431
r2-minio-mixed-c1,minio,2,mixed,1,3,raft_pump_idle_wait,352,7057832738,20.0506611875,16777216,33554431,16777216,33554431
r2-minio-mixed-c1,minio,2,mixed,1,3,raft_pump_iteration_spacing,352,9165051421,26.037077900568182,16777216,33554431,33554432,67108863
r2-minio-mixed-c4,minio,2,mixed,4,1,raft_pump_service,283,3458929182,12.222364600706713,8192,16383,33554432,67108863
r2-minio-mixed-c4,minio,2,mixed,4,1,raft_pump_idle_wait,283,5674425577,20.05097377031802,16777216,33554431,16777216,33554431
r2-minio-mixed-c4,minio,2,mixed,4,1,raft_pump_iteration_spacing,283,9133520708,32.27392476325088,16777216,33554431,67108864,134217727
r2-minio-mixed-c4,minio,2,mixed,4,2,raft_pump_service,290,3298429118,11.373893510344828,8192,16383,33554432,67108863
r2-minio-mixed-c4,minio,2,mixed,4,2,raft_pump_idle_wait,290,5814983940,20.05166875862069,16777216,33554431,16777216,33554431
r2-minio-mixed-c4,minio,2,mixed,4,2,raft_pump_iteration_spacing,290,9113569383,31.426101320689657,16777216,33554431,67108864,134217727
r2-minio-mixed-c4,minio,2,mixed,4,3,raft_pump_service,298,3142506428,10.545323583892618,4194304,8388607,33554432,67108863
r2-minio-mixed-c4,minio,2,mixed,4,3,raft_pump_idle_wait,298,5975317358,20.05140053020134,16777216,33554431,16777216,33554431
r2-minio-mixed-c4,minio,2,mixed,4,3,raft_pump_iteration_spacing,298,9118161582,30.597857657718123,16777216,33554431,33554432,67108863
